file,line,type,commit,author,date,time,timezone,datetime,depth,length
style.css,1,css,25005bed,alanx1234,2025-10-08,22:44:03,-07:00,2025-10-08T22:44:03-07:00,0,4
style.css,2,css,25005bed,alanx1234,2025-10-08,22:44:03,-07:00,2025-10-08T22:44:03-07:00,1,34
style.css,3,css,25005bed,alanx1234,2025-10-08,22:44:03,-07:00,2025-10-08T22:44:03-07:00,1,32
style.css,4,css,31006f22,alanx1234,2025-10-14,20:17:16,-07:00,2025-10-14T20:17:16-07:00,1,23
style.css,5,css,25005bed,alanx1234,2025-10-08,22:44:03,-07:00,2025-10-08T22:44:03-07:00,0,0
style.css,6,css,25005bed,alanx1234,2025-10-08,22:44:03,-07:00,2025-10-08T22:44:03-07:00,0,0
style.css,7,css,4953fd8e,alanx1234,2025-10-02,16:57:03,-07:00,2025-10-02T16:57:03-07:00,0,4
style.css,8,css,4953fd8e,alanx1234,2025-10-02,16:57:03,-07:00,2025-10-02T16:57:03-07:00,1,23
style.css,9,css,25005bed,alanx1234,2025-10-08,22:44:03,-07:00,2025-10-08T22:44:03-07:00,1,15
style.css,10,css,25005bed,alanx1234,2025-10-08,22:44:03,-07:00,2025-10-08T22:44:03-07:00,1,18
style.css,11,css,25005bed,alanx1234,2025-10-08,22:44:03,-07:00,2025-10-08T22:44:03-07:00,1,12
style.css,12,css,25005bed,alanx1234,2025-10-08,22:44:03,-07:00,2025-10-08T22:44:03-07:00,0,0
style.css,13,css,25005bed,alanx1234,2025-10-08,22:44:03,-07:00,2025-10-08T22:44:03-07:00,0,0
style.css,14,css,25005bed,alanx1234,2025-10-08,22:44:03,-07:00,2025-10-08T22:44:03-07:00,0,5
style.css,15,css,25005bed,alanx1234,2025-10-08,22:44:03,-07:00,2025-10-08T22:44:03-07:00,0,6
style.css,16,css,25005bed,alanx1234,2025-10-08,22:44:03,-07:00,2025-10-08T22:44:03-07:00,1,16
style.css,17,css,25005bed,alanx1234,2025-10-08,22:44:03,-07:00,2025-10-08T22:44:03-07:00,0,0
style.css,18,css,25005bed,alanx1234,2025-10-08,22:44:03,-07:00,2025-10-08T22:44:03-07:00,0,0
style.css,19,css,25005bed,alanx1234,2025-10-08,22:44:03,-07:00,2025-10-08T22:44:03-07:00,0,3
style.css,20,css,25005bed,alanx1234,2025-10-08,22:44:03,-07:00,2025-10-08T22:44:03-07:00,1,12
style.css,21,css,25005bed,alanx1234,2025-10-08,22:44:03,-07:00,2025-10-08T22:44:03-07:00,1,29
style.css,22,css,25005bed,alanx1234,2025-10-08,22:44:03,-07:00,2025-10-08T22:44:03-07:00,1,19
style.css,23,css,25005bed,alanx1234,2025-10-08,22:44:03,-07:00,2025-10-08T22:44:03-07:00,1,18
style.css,24,css,31006f22,alanx1234,2025-10-14,20:17:16,-07:00,2025-10-14T20:17:16-07:00,1,39
style.css,25,css,31006f22,alanx1234,2025-10-14,20:17:16,-07:00,2025-10-14T20:17:16-07:00,1,43
style.css,26,css,25005bed,alanx1234,2025-10-08,22:44:03,-07:00,2025-10-08T22:44:03-07:00,0,0
style.css,27,css,25005bed,alanx1234,2025-10-08,22:44:03,-07:00,2025-10-08T22:44:03-07:00,0,0
style.css,28,css,25005bed,alanx1234,2025-10-08,22:44:03,-07:00,2025-10-08T22:44:03-07:00,0,5
style.css,29,css,25005bed,alanx1234,2025-10-08,22:44:03,-07:00,2025-10-08T22:44:03-07:00,1,6
style.css,30,css,25005bed,alanx1234,2025-10-08,22:44:03,-07:00,2025-10-08T22:44:03-07:00,1,17
style.css,31,css,25005bed,alanx1234,2025-10-08,22:44:03,-07:00,2025-10-08T22:44:03-07:00,1,20
style.css,32,css,25005bed,alanx1234,2025-10-08,22:44:03,-07:00,2025-10-08T22:44:03-07:00,1,12
style.css,33,css,25005bed,alanx1234,2025-10-08,22:44:03,-07:00,2025-10-08T22:44:03-07:00,1,18
style.css,34,css,25005bed,alanx1234,2025-10-08,22:44:03,-07:00,2025-10-08T22:44:03-07:00,1,22
style.css,35,css,25005bed,alanx1234,2025-10-08,22:44:03,-07:00,2025-10-08T22:44:03-07:00,1,13
style.css,36,css,25005bed,alanx1234,2025-10-08,22:44:03,-07:00,2025-10-08T22:44:03-07:00,1,13
style.css,37,css,25005bed,alanx1234,2025-10-08,22:44:03,-07:00,2025-10-08T22:44:03-07:00,0,0
style.css,38,css,25005bed,alanx1234,2025-10-08,22:44:03,-07:00,2025-10-08T22:44:03-07:00,0,0
style.css,39,css,25005bed,alanx1234,2025-10-08,22:44:03,-07:00,2025-10-08T22:44:03-07:00,0,13
style.css,40,css,25005bed,alanx1234,2025-10-08,22:44:03,-07:00,2025-10-08T22:44:03-07:00,1,43
style.css,41,css,25005bed,alanx1234,2025-10-08,22:44:03,-07:00,2025-10-08T22:44:03-07:00,1,20
style.css,42,css,25005bed,alanx1234,2025-10-08,22:44:03,-07:00,2025-10-08T22:44:03-07:00,0,0
style.css,43,css,25005bed,alanx1234,2025-10-08,22:44:03,-07:00,2025-10-08T22:44:03-07:00,0,0
style.css,44,css,25005bed,alanx1234,2025-10-08,22:44:03,-07:00,2025-10-08T22:44:03-07:00,0,3
style.css,45,css,25005bed,alanx1234,2025-10-08,22:44:03,-07:00,2025-10-08T22:44:03-07:00,1,13
style.css,46,css,25005bed,alanx1234,2025-10-08,22:44:03,-07:00,2025-10-08T22:44:03-07:00,1,18
style.css,47,css,25005bed,alanx1234,2025-10-08,22:44:03,-07:00,2025-10-08T22:44:03-07:00,1,14
style.css,48,css,25005bed,alanx1234,2025-10-08,22:44:03,-07:00,2025-10-08T22:44:03-07:00,1,11
style.css,49,css,25005bed,alanx1234,2025-10-08,22:44:03,-07:00,2025-10-08T22:44:03-07:00,0,0
style.css,50,css,25005bed,alanx1234,2025-10-08,22:44:03,-07:00,2025-10-08T22:44:03-07:00,0,0
style.css,51,css,25005bed,alanx1234,2025-10-08,22:44:03,-07:00,2025-10-08T22:44:03-07:00,0,11
style.css,52,css,25005bed,alanx1234,2025-10-08,22:44:03,-07:00,2025-10-08T22:44:03-07:00,1,45
style.css,53,css,31006f22,alanx1234,2025-10-14,20:17:16,-07:00,2025-10-14T20:17:16-07:00,1,69
style.css,54,css,25005bed,alanx1234,2025-10-08,22:44:03,-07:00,2025-10-08T22:44:03-07:00,0,0
style.css,55,css,25005bed,alanx1234,2025-10-08,22:44:03,-07:00,2025-10-08T22:44:03-07:00,0,0
style.css,56,css,25005bed,alanx1234,2025-10-08,22:44:03,-07:00,2025-10-08T22:44:03-07:00,0,4
style.css,57,css,25005bed,alanx1234,2025-10-08,22:44:03,-07:00,2025-10-08T22:44:03-07:00,0,7
style.css,58,css,25005bed,alanx1234,2025-10-08,22:44:03,-07:00,2025-10-08T22:44:03-07:00,0,6
style.css,59,css,25005bed,alanx1234,2025-10-08,22:44:03,-07:00,2025-10-08T22:44:03-07:00,1,12
style.css,60,css,25005bed,alanx1234,2025-10-08,22:44:03,-07:00,2025-10-08T22:44:03-07:00,0,0
style.css,61,css,25005bed,alanx1234,2025-10-08,22:44:03,-07:00,2025-10-08T22:44:03-07:00,0,0
style.css,62,css,25005bed,alanx1234,2025-10-08,22:44:03,-07:00,2025-10-08T22:44:03-07:00,0,4
style.css,63,css,25005bed,alanx1234,2025-10-08,22:44:03,-07:00,2025-10-08T22:44:03-07:00,1,12
style.css,64,css,25005bed,alanx1234,2025-10-08,22:44:03,-07:00,2025-10-08T22:44:03-07:00,1,30
style.css,65,css,25005bed,alanx1234,2025-10-08,22:44:03,-07:00,2025-10-08T22:44:03-07:00,1,7
style.css,66,css,25005bed,alanx1234,2025-10-08,22:44:03,-07:00,2025-10-08T22:44:03-07:00,0,0
style.css,67,css,25005bed,alanx1234,2025-10-08,22:44:03,-07:00,2025-10-08T22:44:03-07:00,0,0
style.css,68,css,25005bed,alanx1234,2025-10-08,22:44:03,-07:00,2025-10-08T22:44:03-07:00,0,5
style.css,69,css,25005bed,alanx1234,2025-10-08,22:44:03,-07:00,2025-10-08T22:44:03-07:00,1,12
style.css,70,css,25005bed,alanx1234,2025-10-08,22:44:03,-07:00,2025-10-08T22:44:03-07:00,1,29
style.css,71,css,25005bed,alanx1234,2025-10-08,22:44:03,-07:00,2025-10-08T22:44:03-07:00,1,18
style.css,72,css,25005bed,alanx1234,2025-10-08,22:44:03,-07:00,2025-10-08T22:44:03-07:00,0,0
style.css,73,css,25005bed,alanx1234,2025-10-08,22:44:03,-07:00,2025-10-08T22:44:03-07:00,0,0
style.css,74,css,25005bed,alanx1234,2025-10-08,22:44:03,-07:00,2025-10-08T22:44:03-07:00,0,6
style.css,75,css,25005bed,alanx1234,2025-10-08,22:44:03,-07:00,2025-10-08T22:44:03-07:00,1,18
style.css,76,css,25005bed,alanx1234,2025-10-08,22:44:03,-07:00,2025-10-08T22:44:03-07:00,0,0
style.css,77,css,25005bed,alanx1234,2025-10-08,22:44:03,-07:00,2025-10-08T22:44:03-07:00,0,0
style.css,78,css,25005bed,alanx1234,2025-10-08,22:44:03,-07:00,2025-10-08T22:44:03-07:00,0,9
style.css,79,css,25005bed,alanx1234,2025-10-08,22:44:03,-07:00,2025-10-08T22:44:03-07:00,1,12
style.css,80,css,25005bed,alanx1234,2025-10-08,22:44:03,-07:00,2025-10-08T22:44:03-07:00,1,58
style.css,81,css,25005bed,alanx1234,2025-10-08,22:44:03,-07:00,2025-10-08T22:44:03-07:00,1,7
style.css,82,css,25005bed,alanx1234,2025-10-08,22:44:03,-07:00,2025-10-08T22:44:03-07:00,0,0
style.css,83,css,25005bed,alanx1234,2025-10-08,22:44:03,-07:00,2025-10-08T22:44:03-07:00,0,0
style.css,84,css,25005bed,alanx1234,2025-10-08,22:44:03,-07:00,2025-10-08T22:44:03-07:00,0,0
style.css,85,css,25005bed,alanx1234,2025-10-08,22:44:03,-07:00,2025-10-08T22:44:03-07:00,0,17
style.css,86,css,25005bed,alanx1234,2025-10-08,22:44:03,-07:00,2025-10-08T22:44:03-07:00,1,12
style.css,87,css,25005bed,alanx1234,2025-10-08,22:44:03,-07:00,2025-10-08T22:44:03-07:00,1,26
style.css,88,css,25005bed,alanx1234,2025-10-08,22:44:03,-07:00,2025-10-08T22:44:03-07:00,1,15
style.css,89,css,25005bed,alanx1234,2025-10-08,22:44:03,-07:00,2025-10-08T22:44:03-07:00,0,0
style.css,90,css,25005bed,alanx1234,2025-10-08,22:44:03,-07:00,2025-10-08T22:44:03-07:00,0,0
style.css,91,css,25005bed,alanx1234,2025-10-08,22:44:03,-07:00,2025-10-08T22:44:03-07:00,0,12
style.css,92,css,25005bed,alanx1234,2025-10-08,22:44:03,-07:00,2025-10-08T22:44:03-07:00,1,8
style.css,93,css,25005bed,alanx1234,2025-10-08,22:44:03,-07:00,2025-10-08T22:44:03-07:00,0,0
style.css,94,css,25005bed,alanx1234,2025-10-08,22:44:03,-07:00,2025-10-08T22:44:03-07:00,0,0
style.css,95,css,25005bed,alanx1234,2025-10-08,22:44:03,-07:00,2025-10-08T22:44:03-07:00,0,2
style.css,96,css,25005bed,alanx1234,2025-10-08,22:44:03,-07:00,2025-10-08T22:44:03-07:00,1,14
style.css,97,css,25005bed,alanx1234,2025-10-08,22:44:03,-07:00,2025-10-08T22:44:03-07:00,0,0
style.css,98,css,25005bed,alanx1234,2025-10-08,22:44:03,-07:00,2025-10-08T22:44:03-07:00,0,0
style.css,99,css,25005bed,alanx1234,2025-10-08,22:44:03,-07:00,2025-10-08T22:44:03-07:00,0,22
style.css,100,css,25005bed,alanx1234,2025-10-08,22:44:03,-07:00,2025-10-08T22:44:03-07:00,1,15
style.css,101,css,25005bed,alanx1234,2025-10-08,22:44:03,-07:00,2025-10-08T22:44:03-07:00,1,17
style.css,102,css,25005bed,alanx1234,2025-10-08,22:44:03,-07:00,2025-10-08T22:44:03-07:00,0,0
style.css,103,css,25005bed,alanx1234,2025-10-08,22:44:03,-07:00,2025-10-08T22:44:03-07:00,0,0
style.css,104,css,25005bed,alanx1234,2025-10-08,22:44:03,-07:00,2025-10-08T22:44:03-07:00,0,6
style.css,105,css,25005bed,alanx1234,2025-10-08,22:44:03,-07:00,2025-10-08T22:44:03-07:00,1,22
style.css,106,css,25005bed,alanx1234,2025-10-08,22:44:03,-07:00,2025-10-08T22:44:03-07:00,0,0
style.css,107,css,25005bed,alanx1234,2025-10-08,22:44:03,-07:00,2025-10-08T22:44:03-07:00,0,9
style.css,108,css,25005bed,alanx1234,2025-10-08,22:44:03,-07:00,2025-10-08T22:44:03-07:00,1,35
style.css,109,css,25005bed,alanx1234,2025-10-08,22:44:03,-07:00,2025-10-08T22:44:03-07:00,1,8
style.css,110,css,25005bed,alanx1234,2025-10-08,22:44:03,-07:00,2025-10-08T22:44:03-07:00,0,0
style.css,111,css,25005bed,alanx1234,2025-10-08,22:44:03,-07:00,2025-10-08T22:44:03-07:00,0,11
style.css,112,css,25005bed,alanx1234,2025-10-08,22:44:03,-07:00,2025-10-08T22:44:03-07:00,0,12
style.css,113,css,25005bed,alanx1234,2025-10-08,22:44:03,-07:00,2025-10-08T22:44:03-07:00,1,17
style.css,114,css,25005bed,alanx1234,2025-10-08,22:44:03,-07:00,2025-10-08T22:44:03-07:00,1,25
style.css,115,css,25005bed,alanx1234,2025-10-08,22:44:03,-07:00,2025-10-08T22:44:03-07:00,1,17
style.css,116,css,25005bed,alanx1234,2025-10-08,22:44:03,-07:00,2025-10-08T22:44:03-07:00,0,0
style.css,117,css,25005bed,alanx1234,2025-10-08,22:44:03,-07:00,2025-10-08T22:44:03-07:00,0,55
style.css,118,css,25005bed,alanx1234,2025-10-08,22:44:03,-07:00,2025-10-08T22:44:03-07:00,0,0
style.css,119,css,25005bed,alanx1234,2025-10-08,22:44:03,-07:00,2025-10-08T22:44:03-07:00,0,0
style.css,120,css,25005bed,alanx1234,2025-10-08,22:44:03,-07:00,2025-10-08T22:44:03-07:00,0,12
style.css,121,css,25005bed,alanx1234,2025-10-08,22:44:03,-07:00,2025-10-08T22:44:03-07:00,1,20
style.css,122,css,25005bed,alanx1234,2025-10-08,22:44:03,-07:00,2025-10-08T22:44:03-07:00,1,21
style.css,123,css,25005bed,alanx1234,2025-10-08,22:44:03,-07:00,2025-10-08T22:44:03-07:00,1,66
style.css,124,css,25005bed,alanx1234,2025-10-08,22:44:03,-07:00,2025-10-08T22:44:03-07:00,1,15
style.css,125,css,25005bed,alanx1234,2025-10-08,22:44:03,-07:00,2025-10-08T22:44:03-07:00,0,0
style.css,126,css,25005bed,alanx1234,2025-10-08,22:44:03,-07:00,2025-10-08T22:44:03-07:00,0,0
style.css,127,css,25005bed,alanx1234,2025-10-08,22:44:03,-07:00,2025-10-08T22:44:03-07:00,0,0
style.css,128,css,25005bed,alanx1234,2025-10-08,22:44:03,-07:00,2025-10-08T22:44:03-07:00,0,5
style.css,129,css,25005bed,alanx1234,2025-10-08,22:44:03,-07:00,2025-10-08T22:44:03-07:00,1,12
style.css,130,css,25005bed,alanx1234,2025-10-08,22:44:03,-07:00,2025-10-08T22:44:03-07:00,1,30
style.css,131,css,25005bed,alanx1234,2025-10-08,22:44:03,-07:00,2025-10-08T22:44:03-07:00,1,20
style.css,132,css,25005bed,alanx1234,2025-10-08,22:44:03,-07:00,2025-10-08T22:44:03-07:00,1,15
style.css,133,css,25005bed,alanx1234,2025-10-08,22:44:03,-07:00,2025-10-08T22:44:03-07:00,0,0
style.css,134,css,25005bed,alanx1234,2025-10-08,22:44:03,-07:00,2025-10-08T22:44:03-07:00,0,0
style.css,135,css,25005bed,alanx1234,2025-10-08,22:44:03,-07:00,2025-10-08T22:44:03-07:00,0,0
style.css,136,css,25005bed,alanx1234,2025-10-08,22:44:03,-07:00,2025-10-08T22:44:03-07:00,0,6
style.css,137,css,25005bed,alanx1234,2025-10-08,22:44:03,-07:00,2025-10-08T22:44:03-07:00,1,25
style.css,138,css,25005bed,alanx1234,2025-10-08,22:44:03,-07:00,2025-10-08T22:44:03-07:00,1,18
style.css,139,css,25005bed,alanx1234,2025-10-08,22:44:03,-07:00,2025-10-08T22:44:03-07:00,1,16
style.css,140,css,25005bed,alanx1234,2025-10-08,22:44:03,-07:00,2025-10-08T22:44:03-07:00,0,0
style.css,141,css,25005bed,alanx1234,2025-10-08,22:44:03,-07:00,2025-10-08T22:44:03-07:00,0,0
style.css,142,css,25005bed,alanx1234,2025-10-08,22:44:03,-07:00,2025-10-08T22:44:03-07:00,0,0
style.css,143,css,25005bed,alanx1234,2025-10-08,22:44:03,-07:00,2025-10-08T22:44:03-07:00,0,5
style.css,144,css,25005bed,alanx1234,2025-10-08,22:44:03,-07:00,2025-10-08T22:44:03-07:00,1,25
style.css,145,css,25005bed,alanx1234,2025-10-08,22:44:03,-07:00,2025-10-08T22:44:03-07:00,1,17
style.css,146,css,25005bed,alanx1234,2025-10-08,22:44:03,-07:00,2025-10-08T22:44:03-07:00,0,0
style.css,147,css,25005bed,alanx1234,2025-10-08,22:44:03,-07:00,2025-10-08T22:44:03-07:00,0,0
style.css,148,css,25005bed,alanx1234,2025-10-08,22:44:03,-07:00,2025-10-08T22:44:03-07:00,0,10
style.css,149,css,25005bed,alanx1234,2025-10-08,22:44:03,-07:00,2025-10-08T22:44:03-07:00,1,22
style.css,150,css,25005bed,alanx1234,2025-10-08,22:44:03,-07:00,2025-10-08T22:44:03-07:00,1,20
style.css,151,css,25005bed,alanx1234,2025-10-08,22:44:03,-07:00,2025-10-08T22:44:03-07:00,0,0
style.css,152,css,25005bed,alanx1234,2025-10-08,22:44:03,-07:00,2025-10-08T22:44:03-07:00,0,34
style.css,153,css,25005bed,alanx1234,2025-10-08,22:44:03,-07:00,2025-10-08T22:44:03-07:00,0,12
style.css,154,css,25005bed,alanx1234,2025-10-08,22:44:03,-07:00,2025-10-08T22:44:03-07:00,1,87
style.css,155,css,25005bed,alanx1234,2025-10-08,22:44:03,-07:00,2025-10-08T22:44:03-07:00,1,15
style.css,156,css,25005bed,alanx1234,2025-10-08,22:44:03,-07:00,2025-10-08T22:44:03-07:00,1,25
style.css,157,css,25005bed,alanx1234,2025-10-08,22:44:03,-07:00,2025-10-08T22:44:03-07:00,1,15
style.css,158,css,25005bed,alanx1234,2025-10-08,22:44:03,-07:00,2025-10-08T22:44:03-07:00,1,19
style.css,159,css,25005bed,alanx1234,2025-10-08,22:44:03,-07:00,2025-10-08T22:44:03-07:00,0,0
style.css,160,css,25005bed,alanx1234,2025-10-08,22:44:03,-07:00,2025-10-08T22:44:03-07:00,0,0
style.css,161,css,25005bed,alanx1234,2025-10-08,22:44:03,-07:00,2025-10-08T22:44:03-07:00,0,12
style.css,162,css,25005bed,alanx1234,2025-10-08,22:44:03,-07:00,2025-10-08T22:44:03-07:00,1,12
style.css,163,css,25005bed,alanx1234,2025-10-08,22:44:03,-07:00,2025-10-08T22:44:03-07:00,1,14
style.css,164,css,25005bed,alanx1234,2025-10-08,22:44:03,-07:00,2025-10-08T22:44:03-07:00,1,16
style.css,165,css,25005bed,alanx1234,2025-10-08,22:44:03,-07:00,2025-10-08T22:44:03-07:00,1,15
style.css,166,css,25005bed,alanx1234,2025-10-08,22:44:03,-07:00,2025-10-08T22:44:03-07:00,1,9
style.css,167,css,25005bed,alanx1234,2025-10-08,22:44:03,-07:00,2025-10-08T22:44:03-07:00,1,21
style.css,168,css,25005bed,alanx1234,2025-10-08,22:44:03,-07:00,2025-10-08T22:44:03-07:00,0,0
style.css,169,css,25005bed,alanx1234,2025-10-08,22:44:03,-07:00,2025-10-08T22:44:03-07:00,0,15
style.css,170,css,25005bed,alanx1234,2025-10-08,22:44:03,-07:00,2025-10-08T22:44:03-07:00,1,53
style.css,171,css,25005bed,alanx1234,2025-10-08,22:44:03,-07:00,2025-10-08T22:44:03-07:00,1,25
style.css,172,css,25005bed,alanx1234,2025-10-08,22:44:03,-07:00,2025-10-08T22:44:03-07:00,1,11
style.css,173,css,25005bed,alanx1234,2025-10-08,22:44:03,-07:00,2025-10-08T22:44:03-07:00,1,19
style.css,174,css,25005bed,alanx1234,2025-10-08,22:44:03,-07:00,2025-10-08T22:44:03-07:00,1,21
style.css,175,css,25005bed,alanx1234,2025-10-08,22:44:03,-07:00,2025-10-08T22:44:03-07:00,1,15
style.css,176,css,25005bed,alanx1234,2025-10-08,22:44:03,-07:00,2025-10-08T22:44:03-07:00,0,0
style.css,177,css,25005bed,alanx1234,2025-10-08,22:44:03,-07:00,2025-10-08T22:44:03-07:00,0,12
style.css,178,css,25005bed,alanx1234,2025-10-08,22:44:03,-07:00,2025-10-08T22:44:03-07:00,1,20
style.css,179,css,25005bed,alanx1234,2025-10-08,22:44:03,-07:00,2025-10-08T22:44:03-07:00,1,36
style.css,180,css,25005bed,alanx1234,2025-10-08,22:44:03,-07:00,2025-10-08T22:44:03-07:00,1,46
style.css,181,css,25005bed,alanx1234,2025-10-08,22:44:03,-07:00,2025-10-08T22:44:03-07:00,0,0
style.css,182,css,25005bed,alanx1234,2025-10-08,22:44:03,-07:00,2025-10-08T22:44:03-07:00,0,0
style.css,183,css,25005bed,alanx1234,2025-10-08,22:44:03,-07:00,2025-10-08T22:44:03-07:00,0,17
style.css,184,css,25005bed,alanx1234,2025-10-08,22:44:03,-07:00,2025-10-08T22:44:03-07:00,0,25
style.css,185,css,25005bed,alanx1234,2025-10-08,22:44:03,-07:00,2025-10-08T22:44:03-07:00,1,35
style.css,186,css,25005bed,alanx1234,2025-10-08,22:44:03,-07:00,2025-10-08T22:44:03-07:00,1,46
style.css,187,css,25005bed,alanx1234,2025-10-08,22:44:03,-07:00,2025-10-08T22:44:03-07:00,0,0
style.css,188,css,25005bed,alanx1234,2025-10-08,22:44:03,-07:00,2025-10-08T22:44:03-07:00,0,14
style.css,189,css,25005bed,alanx1234,2025-10-08,22:44:03,-07:00,2025-10-08T22:44:03-07:00,1,17
style.css,190,css,25005bed,alanx1234,2025-10-08,22:44:03,-07:00,2025-10-08T22:44:03-07:00,1,20
style.css,191,css,25005bed,alanx1234,2025-10-08,22:44:03,-07:00,2025-10-08T22:44:03-07:00,0,0
style.css,192,css,25005bed,alanx1234,2025-10-08,22:44:03,-07:00,2025-10-08T22:44:03-07:00,0,0
style.css,193,css,25005bed,alanx1234,2025-10-08,22:44:03,-07:00,2025-10-08T22:44:03-07:00,0,17
style.css,194,css,25005bed,alanx1234,2025-10-08,22:44:03,-07:00,2025-10-08T22:44:03-07:00,1,15
style.css,195,css,25005bed,alanx1234,2025-10-08,22:44:03,-07:00,2025-10-08T22:44:03-07:00,1,21
style.css,196,css,25005bed,alanx1234,2025-10-08,22:44:03,-07:00,2025-10-08T22:44:03-07:00,1,19
style.css,197,css,25005bed,alanx1234,2025-10-08,22:44:03,-07:00,2025-10-08T22:44:03-07:00,0,0
style.css,198,css,25005bed,alanx1234,2025-10-08,22:44:03,-07:00,2025-10-08T22:44:03-07:00,0,0
style.css,199,css,25005bed,alanx1234,2025-10-08,22:44:03,-07:00,2025-10-08T22:44:03-07:00,0,22
style.css,200,css,25005bed,alanx1234,2025-10-08,22:44:03,-07:00,2025-10-08T22:44:03-07:00,1,13
style.css,201,css,25005bed,alanx1234,2025-10-08,22:44:03,-07:00,2025-10-08T22:44:03-07:00,1,20
style.css,202,css,25005bed,alanx1234,2025-10-08,22:44:03,-07:00,2025-10-08T22:44:03-07:00,0,0
style.css,203,css,25005bed,alanx1234,2025-10-08,22:44:03,-07:00,2025-10-08T22:44:03-07:00,0,0
style.css,204,css,25005bed,alanx1234,2025-10-08,22:44:03,-07:00,2025-10-08T22:44:03-07:00,0,20
style.css,205,css,25005bed,alanx1234,2025-10-08,22:44:03,-07:00,2025-10-08T22:44:03-07:00,1,17
style.css,206,css,25005bed,alanx1234,2025-10-08,22:44:03,-07:00,2025-10-08T22:44:03-07:00,1,14
style.css,207,css,25005bed,alanx1234,2025-10-08,22:44:03,-07:00,2025-10-08T22:44:03-07:00,0,0
style.css,208,css,25005bed,alanx1234,2025-10-08,22:44:03,-07:00,2025-10-08T22:44:03-07:00,0,4
style.css,209,css,25005bed,alanx1234,2025-10-08,22:44:03,-07:00,2025-10-08T22:44:03-07:00,1,12
style.css,210,css,25005bed,alanx1234,2025-10-08,22:44:03,-07:00,2025-10-08T22:44:03-07:00,1,30
style.css,211,css,25005bed,alanx1234,2025-10-08,22:44:03,-07:00,2025-10-08T22:44:03-07:00,1,18
style.css,212,css,25005bed,alanx1234,2025-10-08,22:44:03,-07:00,2025-10-08T22:44:03-07:00,2,11
style.css,213,css,25005bed,alanx1234,2025-10-08,22:44:03,-07:00,2025-10-08T22:44:03-07:00,2,10
style.css,214,css,25005bed,alanx1234,2025-10-08,22:44:03,-07:00,2025-10-08T22:44:03-07:00,2,10
style.css,215,css,25005bed,alanx1234,2025-10-08,22:44:03,-07:00,2025-10-08T22:44:03-07:00,1,15
style.css,216,css,25005bed,alanx1234,2025-10-08,22:44:03,-07:00,2025-10-08T22:44:03-07:00,1,20
style.css,217,css,25005bed,alanx1234,2025-10-08,22:44:03,-07:00,2025-10-08T22:44:03-07:00,0,0
style.css,218,css,25005bed,alanx1234,2025-10-08,22:44:03,-07:00,2025-10-08T22:44:03-07:00,0,0
style.css,219,css,25005bed,alanx1234,2025-10-08,22:44:03,-07:00,2025-10-08T22:44:03-07:00,0,31
style.css,220,css,25005bed,alanx1234,2025-10-08,22:44:03,-07:00,2025-10-08T22:44:03-07:00,0,0
style.css,221,css,25005bed,alanx1234,2025-10-08,22:44:03,-07:00,2025-10-08T22:44:03-07:00,0,34
style.css,222,css,25005bed,alanx1234,2025-10-08,22:44:03,-07:00,2025-10-08T22:44:03-07:00,0,79
style.css,223,css,25005bed,alanx1234,2025-10-08,22:44:03,-07:00,2025-10-08T22:44:03-07:00,0,0
style.css,224,css,25005bed,alanx1234,2025-10-08,22:44:03,-07:00,2025-10-08T22:44:03-07:00,0,63
style.css,225,css,25005bed,alanx1234,2025-10-08,22:44:03,-07:00,2025-10-08T22:44:03-07:00,0,81
style.css,226,css,25005bed,alanx1234,2025-10-08,22:44:03,-07:00,2025-10-08T22:44:03-07:00,0,0
style.css,227,css,25005bed,alanx1234,2025-10-08,22:44:03,-07:00,2025-10-08T22:44:03-07:00,0,33
style.css,228,css,25005bed,alanx1234,2025-10-08,22:44:03,-07:00,2025-10-08T22:44:03-07:00,0,0
style.css,229,css,25005bed,alanx1234,2025-10-08,22:44:03,-07:00,2025-10-08T22:44:03-07:00,0,21
style.css,230,css,25005bed,alanx1234,2025-10-08,22:44:03,-07:00,2025-10-08T22:44:03-07:00,1,30
style.css,231,css,25005bed,alanx1234,2025-10-08,22:44:03,-07:00,2025-10-08T22:44:03-07:00,1,11
style.css,232,css,25005bed,alanx1234,2025-10-08,22:44:03,-07:00,2025-10-08T22:44:03-07:00,1,26
style.css,233,css,25005bed,alanx1234,2025-10-08,22:44:03,-07:00,2025-10-08T22:44:03-07:00,1,45
style.css,234,css,25005bed,alanx1234,2025-10-08,22:44:03,-07:00,2025-10-08T22:44:03-07:00,1,14
style.css,235,css,31006f22,alanx1234,2025-10-14,20:17:16,-07:00,2025-10-14T20:17:16-07:00,0,0
style.css,236,css,31006f22,alanx1234,2025-10-14,20:17:16,-07:00,2025-10-14T20:17:16-07:00,0,0
style.css,237,css,31006f22,alanx1234,2025-10-14,20:17:16,-07:00,2025-10-14T20:17:16-07:00,0,13
style.css,238,css,31006f22,alanx1234,2025-10-14,20:17:16,-07:00,2025-10-14T20:17:16-07:00,1,17
style.css,239,css,31006f22,alanx1234,2025-10-14,20:17:16,-07:00,2025-10-14T20:17:16-07:00,1,8
style.css,240,css,31006f22,alanx1234,2025-10-14,20:17:16,-07:00,2025-10-14T20:17:16-07:00,1,10
style.css,241,css,31006f22,alanx1234,2025-10-14,20:17:16,-07:00,2025-10-14T20:17:16-07:00,1,13
style.css,242,css,31006f22,alanx1234,2025-10-14,20:17:16,-07:00,2025-10-14T20:17:16-07:00,1,19
style.css,243,css,31006f22,alanx1234,2025-10-14,20:17:16,-07:00,2025-10-14T20:17:16-07:00,0,0
style.css,244,css,ca79d181,alanx1234,2025-10-21,01:35:07,-07:00,2025-10-21T01:35:07-07:00,0,0
style.css,245,css,ca79d181,alanx1234,2025-10-21,01:35:07,-07:00,2025-10-21T01:35:07-07:00,0,14
style.css,246,css,ca79d181,alanx1234,2025-10-21,01:35:07,-07:00,2025-10-21T01:35:07-07:00,1,36
style.css,247,css,ca79d181,alanx1234,2025-10-21,01:35:07,-07:00,2025-10-21T01:35:07-07:00,1,18
style.css,248,css,ca79d181,alanx1234,2025-10-21,01:35:07,-07:00,2025-10-21T01:35:07-07:00,1,20
style.css,249,css,ca79d181,alanx1234,2025-10-21,01:35:07,-07:00,2025-10-21T01:35:07-07:00,1,25
style.css,250,css,4bd8ada0,alanx1234,2025-10-21,01:38:57,-07:00,2025-10-21T01:38:57-07:00,1,17
style.css,251,css,ca79d181,alanx1234,2025-10-21,01:35:07,-07:00,2025-10-21T01:35:07-07:00,0,0
style.css,252,css,ca79d181,alanx1234,2025-10-21,01:35:07,-07:00,2025-10-21T01:35:07-07:00,0,0
style.css,253,css,ca79d181,alanx1234,2025-10-21,01:35:07,-07:00,2025-10-21T01:35:07-07:00,0,17
style.css,254,css,ca79d181,alanx1234,2025-10-21,01:35:07,-07:00,2025-10-21T01:35:07-07:00,1,16
style.css,255,css,ca79d181,alanx1234,2025-10-21,01:35:07,-07:00,2025-10-21T01:35:07-07:00,1,15
style.css,256,css,ca79d181,alanx1234,2025-10-21,01:35:07,-07:00,2025-10-21T01:35:07-07:00,1,15
style.css,257,css,ca79d181,alanx1234,2025-10-21,01:35:07,-07:00,2025-10-21T01:35:07-07:00,1,17
style.css,258,css,ca79d181,alanx1234,2025-10-21,01:35:07,-07:00,2025-10-21T01:35:07-07:00,1,39
style.css,259,css,ca79d181,alanx1234,2025-10-21,01:35:07,-07:00,2025-10-21T01:35:07-07:00,1,66
style.css,260,css,ca79d181,alanx1234,2025-10-21,01:35:07,-07:00,2025-10-21T01:35:07-07:00,1,21
style.css,261,css,ca79d181,alanx1234,2025-10-21,01:35:07,-07:00,2025-10-21T01:35:07-07:00,0,0
style.css,262,css,ca79d181,alanx1234,2025-10-21,01:35:07,-07:00,2025-10-21T01:35:07-07:00,0,0
style.css,263,css,ca79d181,alanx1234,2025-10-21,01:35:07,-07:00,2025-10-21T01:35:07-07:00,0,17
style.css,264,css,ca79d181,alanx1234,2025-10-21,01:35:07,-07:00,2025-10-21T01:35:07-07:00,1,12
style.css,265,css,ca79d181,alanx1234,2025-10-21,01:35:07,-07:00,2025-10-21T01:35:07-07:00,1,36
style.css,266,css,ca79d181,alanx1234,2025-10-21,01:35:07,-07:00,2025-10-21T01:35:07-07:00,1,15
style.css,267,css,ca79d181,alanx1234,2025-10-21,01:35:07,-07:00,2025-10-21T01:35:07-07:00,1,15
style.css,268,css,ca79d181,alanx1234,2025-10-21,01:35:07,-07:00,2025-10-21T01:35:07-07:00,0,0
style.css,269,css,ca79d181,alanx1234,2025-10-21,01:35:07,-07:00,2025-10-21T01:35:07-07:00,0,0
style.css,270,css,ca79d181,alanx1234,2025-10-21,01:35:07,-07:00,2025-10-21T01:35:07-07:00,0,17
style.css,271,css,ca79d181,alanx1234,2025-10-21,01:35:07,-07:00,2025-10-21T01:35:07-07:00,1,10
style.css,272,css,ca79d181,alanx1234,2025-10-21,01:35:07,-07:00,2025-10-21T01:35:07-07:00,1,8
style.css,273,css,4bd8ada0,alanx1234,2025-10-21,01:38:57,-07:00,2025-10-21T01:38:57-07:00,1,25
style.css,274,css,ca79d181,alanx1234,2025-10-21,01:35:07,-07:00,2025-10-21T01:35:07-07:00,1,24
style.css,275,css,ca79d181,alanx1234,2025-10-21,01:35:07,-07:00,2025-10-21T01:35:07-07:00,1,20
style.css,276,css,ca79d181,alanx1234,2025-10-21,01:35:07,-07:00,2025-10-21T01:35:07-07:00,1,15
style.css,277,css,ca79d181,alanx1234,2025-10-21,01:35:07,-07:00,2025-10-21T01:35:07-07:00,1,15
style.css,278,css,ca79d181,alanx1234,2025-10-21,01:35:07,-07:00,2025-10-21T01:35:07-07:00,0,0
style.css,279,css,ca79d181,alanx1234,2025-10-21,01:35:07,-07:00,2025-10-21T01:35:07-07:00,0,0
style.css,280,css,ca79d181,alanx1234,2025-10-21,01:35:07,-07:00,2025-10-21T01:35:07-07:00,0,17
style.css,281,css,ca79d181,alanx1234,2025-10-21,01:35:07,-07:00,2025-10-21T01:35:07-07:00,1,10
style.css,282,css,ca79d181,alanx1234,2025-10-21,01:35:07,-07:00,2025-10-21T01:35:07-07:00,1,8
style.css,283,css,ca79d181,alanx1234,2025-10-21,01:35:07,-07:00,2025-10-21T01:35:07-07:00,1,33
style.css,284,css,ca79d181,alanx1234,2025-10-21,01:35:07,-07:00,2025-10-21T01:35:07-07:00,1,15
style.css,285,css,ca79d181,alanx1234,2025-10-21,01:35:07,-07:00,2025-10-21T01:35:07-07:00,1,15
style.css,286,css,ca79d181,alanx1234,2025-10-21,01:35:07,-07:00,2025-10-21T01:35:07-07:00,1,39
style.css,287,css,ca79d181,alanx1234,2025-10-21,01:35:07,-07:00,2025-10-21T01:35:07-07:00,0,0
style.css,288,css,ca79d181,alanx1234,2025-10-21,01:35:07,-07:00,2025-10-21T01:35:07-07:00,0,0
style.css,289,css,ca79d181,alanx1234,2025-10-21,01:35:07,-07:00,2025-10-21T01:35:07-07:00,0,25
style.css,290,css,ca79d181,alanx1234,2025-10-21,01:35:07,-07:00,2025-10-21T01:35:07-07:00,1,58
style.css,291,css,b1894b8b,alanx1234,2025-10-27,23:20:36,-07:00,2025-10-27T23:20:36-07:00,0,0
style.css,292,css,b1894b8b,alanx1234,2025-10-27,23:20:36,-07:00,2025-10-27T23:20:36-07:00,0,0
style.css,293,css,b1894b8b,alanx1234,2025-10-27,23:20:36,-07:00,2025-10-27T23:20:36-07:00,0,0
style.css,294,css,b1894b8b,alanx1234,2025-10-27,23:20:36,-07:00,2025-10-27T23:20:36-07:00,0,10
style.css,295,css,b1894b8b,alanx1234,2025-10-27,23:20:36,-07:00,2025-10-27T23:20:36-07:00,1,12
style.css,296,css,b1894b8b,alanx1234,2025-10-27,23:20:36,-07:00,2025-10-27T23:20:36-07:00,1,18
style.css,297,css,b1894b8b,alanx1234,2025-10-27,23:20:36,-07:00,2025-10-27T23:20:36-07:00,1,8
style.css,298,css,b1894b8b,alanx1234,2025-10-27,23:20:36,-07:00,2025-10-27T23:20:36-07:00,1,18
style.css,299,css,b1894b8b,alanx1234,2025-10-27,23:20:36,-07:00,2025-10-27T23:20:36-07:00,0,0
style.css,300,css,b1894b8b,alanx1234,2025-10-27,23:20:36,-07:00,2025-10-27T23:20:36-07:00,0,0
style.css,301,css,b1894b8b,alanx1234,2025-10-27,23:20:36,-07:00,2025-10-27T23:20:36-07:00,0,18
style.css,302,css,b1894b8b,alanx1234,2025-10-27,23:20:36,-07:00,2025-10-27T23:20:36-07:00,1,14
style.css,303,css,b1894b8b,alanx1234,2025-10-27,23:20:36,-07:00,2025-10-27T23:20:36-07:00,1,13
style.css,304,css,b1894b8b,alanx1234,2025-10-27,23:20:36,-07:00,2025-10-27T23:20:36-07:00,0,0
style.css,305,css,b1894b8b,alanx1234,2025-10-27,23:20:36,-07:00,2025-10-27T23:20:36-07:00,0,0
style.css,306,css,b1894b8b,alanx1234,2025-10-27,23:20:36,-07:00,2025-10-27T23:20:36-07:00,0,0
style.css,307,css,b1894b8b,alanx1234,2025-10-27,23:20:36,-07:00,2025-10-27T23:20:36-07:00,0,7
style.css,308,css,b1894b8b,alanx1234,2025-10-27,23:20:36,-07:00,2025-10-27T23:20:36-07:00,1,6
style.css,309,css,b1894b8b,alanx1234,2025-10-27,23:20:36,-07:00,2025-10-27T23:20:36-07:00,1,15
style.css,310,css,b1894b8b,alanx1234,2025-10-27,23:20:36,-07:00,2025-10-27T23:20:36-07:00,1,12
style.css,311,css,b1894b8b,alanx1234,2025-10-27,23:20:36,-07:00,2025-10-27T23:20:36-07:00,1,77
style.css,312,css,b1894b8b,alanx1234,2025-10-27,23:20:36,-07:00,2025-10-27T23:20:36-07:00,1,68
style.css,313,css,b1894b8b,alanx1234,2025-10-27,23:20:36,-07:00,2025-10-27T23:20:36-07:00,1,19
style.css,314,css,b1894b8b,alanx1234,2025-10-27,23:20:36,-07:00,2025-10-27T23:20:36-07:00,1,28
style.css,315,css,b1894b8b,alanx1234,2025-10-27,23:20:36,-07:00,2025-10-27T23:20:36-07:00,1,18
style.css,316,css,b1894b8b,alanx1234,2025-10-27,23:20:36,-07:00,2025-10-27T23:20:36-07:00,1,24
style.css,317,css,b1894b8b,alanx1234,2025-10-27,23:20:36,-07:00,2025-10-27T23:20:36-07:00,1,17
style.css,318,css,b1894b8b,alanx1234,2025-10-27,23:20:36,-07:00,2025-10-27T23:20:36-07:00,1,15
style.css,319,css,b1894b8b,alanx1234,2025-10-27,23:20:36,-07:00,2025-10-27T23:20:36-07:00,0,0
style.css,320,css,b1894b8b,alanx1234,2025-10-27,23:20:36,-07:00,2025-10-27T23:20:36-07:00,0,0
style.css,321,css,b1894b8b,alanx1234,2025-10-27,23:20:36,-07:00,2025-10-27T23:20:36-07:00,0,54
style.css,322,css,b1894b8b,alanx1234,2025-10-27,23:20:36,-07:00,2025-10-27T23:20:36-07:00,0,25
style.css,323,css,b1894b8b,alanx1234,2025-10-27,23:20:36,-07:00,2025-10-27T23:20:36-07:00,1,7
style.css,324,css,b1894b8b,alanx1234,2025-10-27,23:20:36,-07:00,2025-10-27T23:20:36-07:00,2,49
style.css,325,css,b1894b8b,alanx1234,2025-10-27,23:20:36,-07:00,2025-10-27T23:20:36-07:00,1,0
style.css,326,css,b1894b8b,alanx1234,2025-10-27,23:20:36,-07:00,2025-10-27T23:20:36-07:00,0,0
style.css,327,css,b1894b8b,alanx1234,2025-10-27,23:20:36,-07:00,2025-10-27T23:20:36-07:00,0,0
style.css,328,css,b1894b8b,alanx1234,2025-10-27,23:20:36,-07:00,2025-10-27T23:20:36-07:00,0,40
style.css,329,css,b1894b8b,alanx1234,2025-10-27,23:20:36,-07:00,2025-10-27T23:20:36-07:00,0,25
style.css,330,css,b1894b8b,alanx1234,2025-10-27,23:20:36,-07:00,2025-10-27T23:20:36-07:00,1,7
style.css,331,css,b1894b8b,alanx1234,2025-10-27,23:20:36,-07:00,2025-10-27T23:20:36-07:00,2,49
style.css,332,css,b1894b8b,alanx1234,2025-10-27,23:20:36,-07:00,2025-10-27T23:20:36-07:00,1,0
style.css,333,css,b1894b8b,alanx1234,2025-10-27,23:20:36,-07:00,2025-10-27T23:20:36-07:00,0,0
style.css,334,css,b1894b8b,alanx1234,2025-10-27,23:20:36,-07:00,2025-10-27T23:20:36-07:00,0,12
style.css,335,css,b1894b8b,alanx1234,2025-10-27,23:20:36,-07:00,2025-10-27T23:20:36-07:00,1,12
style.css,336,css,b1894b8b,alanx1234,2025-10-27,23:20:36,-07:00,2025-10-27T23:20:36-07:00,1,18
style.css,337,css,b1894b8b,alanx1234,2025-10-27,23:20:36,-07:00,2025-10-27T23:20:36-07:00,1,10
style.css,338,css,b1894b8b,alanx1234,2025-10-27,23:20:36,-07:00,2025-10-27T23:20:36-07:00,1,18
style.css,339,css,b1894b8b,alanx1234,2025-10-27,23:20:36,-07:00,2025-10-27T23:20:36-07:00,0,0
style.css,340,css,b1894b8b,alanx1234,2025-10-27,23:20:36,-07:00,2025-10-27T23:20:36-07:00,0,0
style.css,341,css,b1894b8b,alanx1234,2025-10-27,23:20:36,-07:00,2025-10-27T23:20:36-07:00,0,20
style.css,342,css,b1894b8b,alanx1234,2025-10-27,23:20:36,-07:00,2025-10-27T23:20:36-07:00,1,20
style.css,343,css,b1894b8b,alanx1234,2025-10-27,23:20:36,-07:00,2025-10-27T23:20:36-07:00,1,11
style.css,344,css,b1894b8b,alanx1234,2025-10-27,23:20:36,-07:00,2025-10-27T23:20:36-07:00,1,18
style.css,345,css,b1894b8b,alanx1234,2025-10-27,23:20:36,-07:00,2025-10-27T23:20:36-07:00,1,23
style.css,346,css,b1894b8b,alanx1234,2025-10-27,23:20:36,-07:00,2025-10-27T23:20:36-07:00,1,17
style.css,347,css,b1894b8b,alanx1234,2025-10-27,23:20:36,-07:00,2025-10-27T23:20:36-07:00,1,32
style.css,348,css,b1894b8b,alanx1234,2025-10-27,23:20:36,-07:00,2025-10-27T23:20:36-07:00,0,0
style.css,349,css,b1894b8b,alanx1234,2025-10-27,23:20:36,-07:00,2025-10-27T23:20:36-07:00,0,0
style.css,350,css,b1894b8b,alanx1234,2025-10-27,23:20:36,-07:00,2025-10-27T23:20:36-07:00,0,10
style.css,351,css,b1894b8b,alanx1234,2025-10-27,23:20:36,-07:00,2025-10-27T23:20:36-07:00,1,13
style.css,352,css,b1894b8b,alanx1234,2025-10-27,23:20:36,-07:00,2025-10-27T23:20:36-07:00,1,10
style.css,353,css,b1894b8b,alanx1234,2025-10-27,23:20:36,-07:00,2025-10-27T23:20:36-07:00,1,12
style.css,354,css,b1894b8b,alanx1234,2025-10-27,23:20:36,-07:00,2025-10-27T23:20:36-07:00,1,38
style.css,355,css,b1894b8b,alanx1234,2025-10-27,23:20:36,-07:00,2025-10-27T23:20:36-07:00,1,36
style.css,356,css,b1894b8b,alanx1234,2025-10-27,23:20:36,-07:00,2025-10-27T23:20:36-07:00,1,18
style.css,357,css,b1894b8b,alanx1234,2025-10-27,23:20:36,-07:00,2025-10-27T23:20:36-07:00,1,17
style.css,358,css,b1894b8b,alanx1234,2025-10-27,23:20:36,-07:00,2025-10-27T23:20:36-07:00,1,13
style.css,359,css,b1894b8b,alanx1234,2025-10-27,23:20:36,-07:00,2025-10-27T23:20:36-07:00,1,21
style.css,360,css,b1894b8b,alanx1234,2025-10-27,23:20:36,-07:00,2025-10-27T23:20:36-07:00,0,0
style.css,361,css,b1894b8b,alanx1234,2025-10-27,23:20:36,-07:00,2025-10-27T23:20:36-07:00,0,0
style.css,362,css,b1894b8b,alanx1234,2025-10-27,23:20:36,-07:00,2025-10-27T23:20:36-07:00,0,23
style.css,363,css,b1894b8b,alanx1234,2025-10-27,23:20:36,-07:00,2025-10-27T23:20:36-07:00,1,25
style.css,364,css,b1894b8b,alanx1234,2025-10-27,23:20:36,-07:00,2025-10-27T23:20:36-07:00,0,0
style.css,365,css,b1894b8b,alanx1234,2025-10-27,23:20:36,-07:00,2025-10-27T23:20:36-07:00,0,0
style.css,366,css,b1894b8b,alanx1234,2025-10-27,23:20:36,-07:00,2025-10-27T23:20:36-07:00,0,16
style.css,367,css,b1894b8b,alanx1234,2025-10-27,23:20:36,-07:00,2025-10-27T23:20:36-07:00,1,12
style.css,368,css,b1894b8b,alanx1234,2025-10-27,23:20:36,-07:00,2025-10-27T23:20:36-07:00,1,32
style.css,369,css,b1894b8b,alanx1234,2025-10-27,23:20:36,-07:00,2025-10-27T23:20:36-07:00,1,73
style.css,370,css,b1894b8b,alanx1234,2025-10-27,23:20:36,-07:00,2025-10-27T23:20:36-07:00,0,0
style.css,371,css,b1894b8b,alanx1234,2025-10-27,23:20:36,-07:00,2025-10-27T23:20:36-07:00,0,0
style.css,372,css,b1894b8b,alanx1234,2025-10-27,23:20:36,-07:00,2025-10-27T23:20:36-07:00,0,40
style.css,373,css,b1894b8b,alanx1234,2025-10-27,23:20:36,-07:00,2025-10-27T23:20:36-07:00,1,23
style.css,374,css,b1894b8b,alanx1234,2025-10-27,23:20:36,-07:00,2025-10-27T23:20:36-07:00,1,11
style.css,375,css,b1894b8b,alanx1234,2025-10-27,23:20:36,-07:00,2025-10-27T23:20:36-07:00,1,10
style.css,376,css,b1894b8b,alanx1234,2025-10-27,23:20:36,-07:00,2025-10-27T23:20:36-07:00,1,17
style.css,377,css,b1894b8b,alanx1234,2025-10-27,23:20:36,-07:00,2025-10-27T23:20:36-07:00,1,23
style.css,378,css,b1894b8b,alanx1234,2025-10-27,23:20:36,-07:00,2025-10-27T23:20:36-07:00,1,74
style.css,379,css,b1894b8b,alanx1234,2025-10-27,23:20:36,-07:00,2025-10-27T23:20:36-07:00,1,11
style.css,380,css,b1894b8b,alanx1234,2025-10-27,23:20:36,-07:00,2025-10-27T23:20:36-07:00,1,14
style.css,381,css,b1894b8b,alanx1234,2025-10-27,23:20:36,-07:00,2025-10-27T23:20:36-07:00,0,0
style.css,382,css,b1894b8b,alanx1234,2025-10-27,23:20:36,-07:00,2025-10-27T23:20:36-07:00,0,62
style.css,383,css,b1894b8b,alanx1234,2025-10-27,23:20:36,-07:00,2025-10-27T23:20:36-07:00,0,0
style.css,384,css,b1894b8b,alanx1234,2025-10-27,23:20:36,-07:00,2025-10-27T23:20:36-07:00,0,17
style.css,385,css,b1894b8b,alanx1234,2025-10-27,23:20:36,-07:00,2025-10-27T23:20:36-07:00,1,16
style.css,386,css,b1894b8b,alanx1234,2025-10-27,23:20:36,-07:00,2025-10-27T23:20:36-07:00,2,11
style.css,387,css,b1894b8b,alanx1234,2025-10-27,23:20:36,-07:00,2025-10-27T23:20:36-07:00,1,0
style.css,388,css,b1894b8b,alanx1234,2025-10-27,23:20:36,-07:00,2025-10-27T23:20:36-07:00,0,0
style.css,389,css,b1894b8b,alanx1234,2025-10-27,23:20:36,-07:00,2025-10-27T23:20:36-07:00,0,4
style.css,390,css,b1894b8b,alanx1234,2025-10-27,23:20:36,-07:00,2025-10-27T23:20:36-07:00,1,16
style.css,391,css,b1894b8b,alanx1234,2025-10-27,23:20:36,-07:00,2025-10-27T23:20:36-07:00,0,0
style.css,392,css,b1894b8b,alanx1234,2025-10-27,23:20:36,-07:00,2025-10-27T23:20:36-07:00,0,9
style.css,393,css,b1894b8b,alanx1234,2025-10-27,23:20:36,-07:00,2025-10-27T23:20:36-07:00,1,35
style.css,394,css,b1894b8b,alanx1234,2025-10-27,23:20:36,-07:00,2025-10-27T23:20:36-07:00,0,0
style.css,395,css,b1894b8b,alanx1234,2025-10-27,23:20:36,-07:00,2025-10-27T23:20:36-07:00,1,10
style.css,396,css,b1894b8b,alanx1234,2025-10-27,23:20:36,-07:00,2025-10-27T23:20:36-07:00,2,17
style.css,397,css,b1894b8b,alanx1234,2025-10-27,23:20:36,-07:00,2025-10-27T23:20:36-07:00,1,0
style.css,398,css,b1894b8b,alanx1234,2025-10-27,23:20:36,-07:00,2025-10-27T23:20:36-07:00,0,0
style.css,399,css,b1894b8b,alanx1234,2025-10-27,23:20:36,-07:00,2025-10-27T23:20:36-07:00,0,23
index.js,1,js,ca79d181,alanx1234,2025-10-21,01:35:07,-07:00,2025-10-21T01:35:07-07:00,0,71
index.js,2,js,ca79d181,alanx1234,2025-10-21,01:35:07,-07:00,2025-10-21T01:35:07-07:00,0,0
index.js,3,js,ca79d181,alanx1234,2025-10-21,01:35:07,-07:00,2025-10-21T01:35:07-07:00,0,54
index.js,4,js,ca79d181,alanx1234,2025-10-21,01:35:07,-07:00,2025-10-21T01:35:07-07:00,0,42
index.js,5,js,ca79d181,alanx1234,2025-10-21,01:35:07,-07:00,2025-10-21T01:35:07-07:00,0,0
index.js,6,js,ca79d181,alanx1234,2025-10-21,01:35:07,-07:00,2025-10-21T01:35:07-07:00,0,60
index.js,7,js,ca79d181,alanx1234,2025-10-21,01:35:07,-07:00,2025-10-21T01:35:07-07:00,0,54
index.js,8,js,ca79d181,alanx1234,2025-10-21,01:35:07,-07:00,2025-10-21T01:35:07-07:00,0,0
index.js,9,js,ca79d181,alanx1234,2025-10-21,01:35:07,-07:00,2025-10-21T01:35:07-07:00,0,52
index.js,10,js,ca79d181,alanx1234,2025-10-21,01:35:07,-07:00,2025-10-21T01:35:07-07:00,0,60
index.js,11,js,ca79d181,alanx1234,2025-10-21,01:35:07,-07:00,2025-10-21T01:35:07-07:00,0,0
index.js,12,js,ca79d181,alanx1234,2025-10-21,01:35:07,-07:00,2025-10-21T01:35:07-07:00,0,17
index.js,13,js,ca79d181,alanx1234,2025-10-21,01:35:07,-07:00,2025-10-21T01:35:07-07:00,1,24
index.js,14,js,ca79d181,alanx1234,2025-10-21,01:35:07,-07:00,2025-10-21T01:35:07-07:00,4,22
index.js,15,js,ca79d181,alanx1234,2025-10-21,01:35:07,-07:00,2025-10-21T01:35:07-07:00,4,19
index.js,16,js,ca79d181,alanx1234,2025-10-21,01:35:07,-07:00,2025-10-21T01:35:07-07:00,5,55
index.js,17,js,ca79d181,alanx1234,2025-10-21,01:35:07,-07:00,2025-10-21T01:35:07-07:00,5,55
index.js,18,js,ca79d181,alanx1234,2025-10-21,01:35:07,-07:00,2025-10-21T01:35:07-07:00,5,49
index.js,19,js,ca79d181,alanx1234,2025-10-21,01:35:07,-07:00,2025-10-21T01:35:07-07:00,5,49
index.js,20,js,ca79d181,alanx1234,2025-10-21,01:35:07,-07:00,2025-10-21T01:35:07-07:00,4,3
index.js,21,js,ca79d181,alanx1234,2025-10-21,01:35:07,-07:00,2025-10-21T01:35:07-07:00,2,0
index.js,22,js,ca79d181,alanx1234,2025-10-21,01:35:07,-07:00,2025-10-21T01:35:07-07:00,0,0
index.html,1,html,abfb2e46,alanx1234,2025-10-02,16:07:19,-07:00,2025-10-02T16:07:19-07:00,0,13
index.html,2,html,abfb2e46,alanx1234,2025-10-02,16:07:19,-07:00,2025-10-02T16:07:19-07:00,0,14
index.html,3,html,abfb2e46,alanx1234,2025-10-02,16:07:19,-07:00,2025-10-02T16:07:19-07:00,0,4
index.html,4,html,abfb2e46,alanx1234,2025-10-02,16:07:19,-07:00,2025-10-02T16:07:19-07:00,2,20
index.html,5,html,abfb2e46,alanx1234,2025-10-02,16:07:19,-07:00,2025-10-02T16:07:19-07:00,2,68
index.html,6,html,4953fd8e,alanx1234,2025-10-02,16:57:03,-07:00,2025-10-02T16:57:03-07:00,2,38
index.html,7,html,0631f2ba,alanx1234,2025-10-14,20:20:06,-07:00,2025-10-14T20:20:06-07:00,2,34
index.html,8,html,abfb2e46,alanx1234,2025-10-02,16:07:19,-07:00,2025-10-02T16:07:19-07:00,0,5
index.html,9,html,abfb2e46,alanx1234,2025-10-02,16:07:19,-07:00,2025-10-02T16:07:19-07:00,0,4
index.html,10,html,25005bed,alanx1234,2025-10-08,22:44:03,-07:00,2025-10-08T22:44:03-07:00,2,16
index.html,11,html,25005bed,alanx1234,2025-10-08,22:44:03,-07:00,2025-10-08T22:44:03-07:00,2,103
index.html,12,html,ca79d181,alanx1234,2025-10-21,01:35:07,-07:00,2025-10-21T01:35:07-07:00,2,59
index.html,13,html,ca79d181,alanx1234,2025-10-21,01:35:07,-07:00,2025-10-21T01:35:07-07:00,2,7
index.html,14,html,ca79d181,alanx1234,2025-10-21,01:35:07,-07:00,2025-10-21T01:35:07-07:00,4,22
index.html,15,html,ca79d181,alanx1234,2025-10-21,01:35:07,-07:00,2025-10-21T01:35:07-07:00,4,79
index.html,16,html,ca79d181,alanx1234,2025-10-21,01:35:07,-07:00,2025-10-21T01:35:07-07:00,4,28
index.html,17,html,ca79d181,alanx1234,2025-10-21,01:35:07,-07:00,2025-10-21T01:35:07-07:00,2,8
index.html,18,html,31006f22,alanx1234,2025-10-14,20:17:16,-07:00,2025-10-14T20:17:16-07:00,2,45
index.html,19,html,ca79d181,alanx1234,2025-10-21,01:35:07,-07:00,2025-10-21T01:35:07-07:00,2,50
index.html,20,html,abfb2e46,alanx1234,2025-10-02,16:07:19,-07:00,2025-10-02T16:07:19-07:00,0,5
index.html,21,html,abfb2e46,alanx1234,2025-10-02,16:07:19,-07:00,2025-10-02T16:07:19-07:00,0,5
global.js,1,js,31006f22,alanx1234,2025-10-14,20:17:16,-07:00,2025-10-14T20:17:16-07:00,0,25
global.js,2,js,31006f22,alanx1234,2025-10-14,20:17:16,-07:00,2025-10-14T20:17:16-07:00,0,0
global.js,3,js,31006f22,alanx1234,2025-10-14,20:17:16,-07:00,2025-10-14T20:17:16-07:00,0,11
global.js,4,js,31006f22,alanx1234,2025-10-14,20:17:16,-07:00,2025-10-14T20:17:16-07:00,1,48
global.js,5,js,31006f22,alanx1234,2025-10-14,20:17:16,-07:00,2025-10-14T20:17:16-07:00,1,52
global.js,6,js,31006f22,alanx1234,2025-10-14,20:17:16,-07:00,2025-10-14T20:17:16-07:00,1,51
global.js,7,js,31006f22,alanx1234,2025-10-14,20:17:16,-07:00,2025-10-14T20:17:16-07:00,1,50
global.js,8,js,1adae980,alanx1234,2025-11-04,14:47:33,-08:00,2025-11-04T14:47:33-08:00,1,45
global.js,9,js,31006f22,alanx1234,2025-10-14,20:17:16,-07:00,2025-10-14T20:17:16-07:00,1,54
global.js,10,js,31006f22,alanx1234,2025-10-14,20:17:16,-07:00,2025-10-14T20:17:16-07:00,0,0
global.js,11,js,31006f22,alanx1234,2025-10-14,20:17:16,-07:00,2025-10-14T20:17:16-07:00,0,0
global.js,12,js,31006f22,alanx1234,2025-10-14,20:17:16,-07:00,2025-10-14T20:17:16-07:00,0,38
global.js,13,js,31006f22,alanx1234,2025-10-14,20:17:16,-07:00,2025-10-14T20:17:16-07:00,0,25
global.js,14,js,31006f22,alanx1234,2025-10-14,20:17:16,-07:00,2025-10-14T20:17:16-07:00,0,0
global.js,15,js,31006f22,alanx1234,2025-10-14,20:17:16,-07:00,2025-10-14T20:17:16-07:00,0,88
global.js,16,js,31006f22,alanx1234,2025-10-14,20:17:16,-07:00,2025-10-14T20:17:16-07:00,1,3
global.js,17,js,31006f22,alanx1234,2025-10-14,20:17:16,-07:00,2025-10-14T20:17:16-07:00,1,14
global.js,18,js,31006f22,alanx1234,2025-10-14,20:17:16,-07:00,2025-10-14T20:17:16-07:00,0,0
global.js,19,js,31006f22,alanx1234,2025-10-14,20:17:16,-07:00,2025-10-14T20:17:16-07:00,0,20
global.js,20,js,31006f22,alanx1234,2025-10-14,20:17:16,-07:00,2025-10-14T20:17:16-07:00,1,14
global.js,21,js,31006f22,alanx1234,2025-10-14,20:17:16,-07:00,2025-10-14T20:17:16-07:00,1,28
global.js,22,js,31006f22,alanx1234,2025-10-14,20:17:16,-07:00,2025-10-14T20:17:16-07:00,2,20
global.js,23,js,31006f22,alanx1234,2025-10-14,20:17:16,-07:00,2025-10-14T20:17:16-07:00,1,0
global.js,24,js,31006f22,alanx1234,2025-10-14,20:17:16,-07:00,2025-10-14T20:17:16-07:00,0,0
global.js,25,js,31006f22,alanx1234,2025-10-14,20:17:16,-07:00,2025-10-14T20:17:16-07:00,1,34
global.js,26,js,31006f22,alanx1234,2025-10-14,20:17:16,-07:00,2025-10-14T20:17:16-07:00,1,11
global.js,27,js,31006f22,alanx1234,2025-10-14,20:17:16,-07:00,2025-10-14T20:17:16-07:00,1,22
global.js,28,js,31006f22,alanx1234,2025-10-14,20:17:16,-07:00,2025-10-14T20:17:16-07:00,1,12
global.js,29,js,31006f22,alanx1234,2025-10-14,20:17:16,-07:00,2025-10-14T20:17:16-07:00,0,0
global.js,30,js,31006f22,alanx1234,2025-10-14,20:17:16,-07:00,2025-10-14T20:17:16-07:00,1,65
global.js,31,js,31006f22,alanx1234,2025-10-14,20:17:16,-07:00,2025-10-14T20:17:16-07:00,2,25
global.js,32,js,31006f22,alanx1234,2025-10-14,20:17:16,-07:00,2025-10-14T20:17:16-07:00,1,0
global.js,33,js,31006f22,alanx1234,2025-10-14,20:17:16,-07:00,2025-10-14T20:17:16-07:00,0,0
global.js,34,js,31006f22,alanx1234,2025-10-14,20:17:16,-07:00,2025-10-14T20:17:16-07:00,1,29
global.js,35,js,31006f22,alanx1234,2025-10-14,20:17:16,-07:00,2025-10-14T20:17:16-07:00,2,18
global.js,36,js,31006f22,alanx1234,2025-10-14,20:17:16,-07:00,2025-10-14T20:17:16-07:00,1,0
global.js,37,js,31006f22,alanx1234,2025-10-14,20:17:16,-07:00,2025-10-14T20:17:16-07:00,0,0
global.js,38,js,31006f22,alanx1234,2025-10-14,20:17:16,-07:00,2025-10-14T20:17:16-07:00,0,31
global.js,39,js,31006f22,alanx1234,2025-10-14,20:17:16,-07:00,2025-10-14T20:17:16-07:00,1,11
global.js,40,js,31006f22,alanx1234,2025-10-14,20:17:16,-07:00,2025-10-14T20:17:16-07:00,1,0
global.js,41,js,31006f22,alanx1234,2025-10-14,20:17:16,-07:00,2025-10-14T20:17:16-07:00,1,26
global.js,42,js,31006f22,alanx1234,2025-10-14,20:17:16,-07:00,2025-10-14T20:17:16-07:00,2,4
global.js,43,js,31006f22,alanx1234,2025-10-14,20:17:16,-07:00,2025-10-14T20:17:16-07:00,2,6
global.js,44,js,31006f22,alanx1234,2025-10-14,20:17:16,-07:00,2025-10-14T20:17:16-07:00,3,43
global.js,45,js,31006f22,alanx1234,2025-10-14,20:17:16,-07:00,2025-10-14T20:17:16-07:00,3,34
global.js,46,js,31006f22,alanx1234,2025-10-14,20:17:16,-07:00,2025-10-14T20:17:16-07:00,3,32
global.js,47,js,31006f22,alanx1234,2025-10-14,20:17:16,-07:00,2025-10-14T20:17:16-07:00,2,7
global.js,48,js,31006f22,alanx1234,2025-10-14,20:17:16,-07:00,2025-10-14T20:17:16-07:00,1,6
global.js,49,js,31006f22,alanx1234,2025-10-14,20:17:16,-07:00,2025-10-14T20:17:16-07:00,1,0
global.js,50,js,31006f22,alanx1234,2025-10-14,20:17:16,-07:00,2025-10-14T20:17:16-07:00,0,0
global.js,51,js,31006f22,alanx1234,2025-10-14,20:17:16,-07:00,2025-10-14T20:17:16-07:00,0,0
global.js,52,js,31006f22,alanx1234,2025-10-14,20:17:16,-07:00,2025-10-14T20:17:16-07:00,0,36
global.js,53,js,31006f22,alanx1234,2025-10-14,20:17:16,-07:00,2025-10-14T20:17:16-07:00,1,70
global.js,54,js,31006f22,alanx1234,2025-10-14,20:17:16,-07:00,2025-10-14T20:17:16-07:00,1,54
global.js,55,js,31006f22,alanx1234,2025-10-14,20:17:16,-07:00,2025-10-14T20:17:16-07:00,0,0
global.js,56,js,31006f22,alanx1234,2025-10-14,20:17:16,-07:00,2025-10-14T20:17:16-07:00,0,0
global.js,57,js,31006f22,alanx1234,2025-10-14,20:17:16,-07:00,2025-10-14T20:17:16-07:00,0,58
global.js,58,js,31006f22,alanx1234,2025-10-14,20:17:16,-07:00,2025-10-14T20:17:16-07:00,0,0
global.js,59,js,31006f22,alanx1234,2025-10-14,20:17:16,-07:00,2025-10-14T20:17:16-07:00,0,70
global.js,60,js,31006f22,alanx1234,2025-10-14,20:17:16,-07:00,2025-10-14T20:17:16-07:00,0,71
global.js,61,js,31006f22,alanx1234,2025-10-14,20:17:16,-07:00,2025-10-14T20:17:16-07:00,0,0
global.js,62,js,31006f22,alanx1234,2025-10-14,20:17:16,-07:00,2025-10-14T20:17:16-07:00,0,0
global.js,63,js,31006f22,alanx1234,2025-10-14,20:17:16,-07:00,2025-10-14T20:17:16-07:00,0,62
global.js,64,js,31006f22,alanx1234,2025-10-14,20:17:16,-07:00,2025-10-14T20:17:16-07:00,2,38
global.js,65,js,31006f22,alanx1234,2025-10-14,20:17:16,-07:00,2025-10-14T20:17:16-07:00,2,39
global.js,66,js,31006f22,alanx1234,2025-10-14,20:17:16,-07:00,2025-10-14T20:17:16-07:00,0,0
global.js,67,js,31006f22,alanx1234,2025-10-14,20:17:16,-07:00,2025-10-14T20:17:16-07:00,0,0
global.js,68,js,31006f22,alanx1234,2025-10-14,20:17:16,-07:00,2025-10-14T20:17:16-07:00,0,61
global.js,69,js,31006f22,alanx1234,2025-10-14,20:17:16,-07:00,2025-10-14T20:17:16-07:00,0,0
global.js,70,js,31006f22,alanx1234,2025-10-14,20:17:16,-07:00,2025-10-14T20:17:16-07:00,0,43
global.js,71,js,31006f22,alanx1234,2025-10-14,20:17:16,-07:00,2025-10-14T20:17:16-07:00,1,21
global.js,72,js,31006f22,alanx1234,2025-10-14,20:17:16,-07:00,2025-10-14T20:17:16-07:00,0,0
global.js,73,js,31006f22,alanx1234,2025-10-14,20:17:16,-07:00,2025-10-14T20:17:16-07:00,1,30
global.js,74,js,31006f22,alanx1234,2025-10-14,20:17:16,-07:00,2025-10-14T20:17:16-07:00,1,16
global.js,75,js,31006f22,alanx1234,2025-10-14,20:17:16,-07:00,2025-10-14T20:17:16-07:00,0,0
global.js,76,js,31006f22,alanx1234,2025-10-14,20:17:16,-07:00,2025-10-14T20:17:16-07:00,1,33
global.js,77,js,31006f22,alanx1234,2025-10-14,20:17:16,-07:00,2025-10-14T20:17:16-07:00,2,70
global.js,78,js,31006f22,alanx1234,2025-10-14,20:17:16,-07:00,2025-10-14T20:17:16-07:00,1,0
global.js,79,js,31006f22,alanx1234,2025-10-14,20:17:16,-07:00,2025-10-14T20:17:16-07:00,0,0
global.js,80,js,31006f22,alanx1234,2025-10-14,20:17:16,-07:00,2025-10-14T20:17:16-07:00,1,70
global.js,81,js,31006f22,alanx1234,2025-10-14,20:17:16,-07:00,2025-10-14T20:17:16-07:00,1,18
global.js,82,js,ca79d181,alanx1234,2025-10-21,01:35:07,-07:00,2025-10-21T01:35:07-07:00,0,1
global.js,83,js,ca79d181,alanx1234,2025-10-21,01:35:07,-07:00,2025-10-21T01:35:07-07:00,0,0
global.js,84,js,ca79d181,alanx1234,2025-10-21,01:35:07,-07:00,2025-10-21T01:35:07-07:00,0,36
global.js,85,js,ca79d181,alanx1234,2025-10-21,01:35:07,-07:00,2025-10-21T01:35:07-07:00,1,3
global.js,86,js,ca79d181,alanx1234,2025-10-21,01:35:07,-07:00,2025-10-21T01:35:07-07:00,2,55
global.js,87,js,4bd8ada0,alanx1234,2025-10-21,01:38:57,-07:00,2025-10-21T01:38:57-07:00,2,20
global.js,88,js,ca79d181,alanx1234,2025-10-21,01:35:07,-07:00,2025-10-21T01:35:07-07:00,2,17
global.js,89,js,ca79d181,alanx1234,2025-10-21,01:35:07,-07:00,2025-10-21T01:35:07-07:00,3,85
global.js,90,js,ca79d181,alanx1234,2025-10-21,01:35:07,-07:00,2025-10-21T01:35:07-07:00,2,0
global.js,91,js,ca79d181,alanx1234,2025-10-21,01:35:07,-07:00,2025-10-21T01:35:07-07:00,2,33
global.js,92,js,ca79d181,alanx1234,2025-10-21,01:35:07,-07:00,2025-10-21T01:35:07-07:00,2,10
global.js,93,js,ca79d181,alanx1234,2025-10-21,01:35:07,-07:00,2025-10-21T01:35:07-07:00,1,15
global.js,94,js,ca79d181,alanx1234,2025-10-21,01:35:07,-07:00,2025-10-21T01:35:07-07:00,2,59
global.js,95,js,ca79d181,alanx1234,2025-10-21,01:35:07,-07:00,2025-10-21T01:35:07-07:00,2,10
global.js,96,js,ca79d181,alanx1234,2025-10-21,01:35:07,-07:00,2025-10-21T01:35:07-07:00,1,0
global.js,97,js,ca79d181,alanx1234,2025-10-21,01:35:07,-07:00,2025-10-21T01:35:07-07:00,0,0
global.js,98,js,ca79d181,alanx1234,2025-10-21,01:35:07,-07:00,2025-10-21T01:35:07-07:00,0,0
global.js,99,js,ca79d181,alanx1234,2025-10-21,01:35:07,-07:00,2025-10-21T01:35:07-07:00,0,0
global.js,100,js,ca79d181,alanx1234,2025-10-21,01:35:07,-07:00,2025-10-21T01:35:07-07:00,0,78
global.js,101,js,ca79d181,alanx1234,2025-10-21,01:35:07,-07:00,2025-10-21T01:35:07-07:00,1,30
global.js,102,js,ca79d181,alanx1234,2025-10-21,01:35:07,-07:00,2025-10-21T01:35:07-07:00,0,0
global.js,103,js,ca79d181,alanx1234,2025-10-21,01:35:07,-07:00,2025-10-21T01:35:07-07:00,1,56
global.js,104,js,ca79d181,alanx1234,2025-10-21,01:35:07,-07:00,2025-10-21T01:35:07-07:00,0,0
global.js,105,js,ca79d181,alanx1234,2025-10-21,01:35:07,-07:00,2025-10-21T01:35:07-07:00,1,21
global.js,106,js,ca79d181,alanx1234,2025-10-21,01:35:07,-07:00,2025-10-21T01:35:07-07:00,2,48
global.js,107,js,ca79d181,alanx1234,2025-10-21,01:35:07,-07:00,2025-10-21T01:35:07-07:00,0,0
global.js,108,js,ca79d181,alanx1234,2025-10-21,01:35:07,-07:00,2025-10-21T01:35:07-07:00,2,19
global.js,109,js,ca79d181,alanx1234,2025-10-21,01:35:07,-07:00,2025-10-21T01:35:07-07:00,3,43
global.js,110,js,ca79d181,alanx1234,2025-10-21,01:35:07,-07:00,2025-10-21T01:35:07-07:00,3,37
global.js,111,js,ca79d181,alanx1234,2025-10-21,01:35:07,-07:00,2025-10-21T01:35:07-07:00,3,21
global.js,112,js,ca79d181,alanx1234,2025-10-21,01:35:07,-07:00,2025-10-21T01:35:07-07:00,2,0
global.js,113,js,ca79d181,alanx1234,2025-10-21,01:35:07,-07:00,2025-10-21T01:35:07-07:00,2,36
global.js,114,js,ca79d181,alanx1234,2025-10-21,01:35:07,-07:00,2025-10-21T01:35:07-07:00,1,0
global.js,115,js,ca79d181,alanx1234,2025-10-21,01:35:07,-07:00,2025-10-21T01:35:07-07:00,0,0
global.js,116,js,ca79d181,alanx1234,2025-10-21,01:35:07,-07:00,2025-10-21T01:35:07-07:00,0,0
global.js,117,js,ca79d181,alanx1234,2025-10-21,01:35:07,-07:00,2025-10-21T01:35:07-07:00,0,47
global.js,118,js,ca79d181,alanx1234,2025-10-21,01:35:07,-07:00,2025-10-21T01:35:07-07:00,1,59
global.js,119,js,ca79d181,alanx1234,2025-10-21,01:35:07,-07:00,2025-10-21T01:35:07-07:00,0,0
resume\index.html,1,html,4953fd8e,alanx1234,2025-10-02,16:57:03,-07:00,2025-10-02T16:57:03-07:00,0,13
resume\index.html,2,html,4953fd8e,alanx1234,2025-10-02,16:57:03,-07:00,2025-10-02T16:57:03-07:00,0,14
resume\index.html,3,html,4953fd8e,alanx1234,2025-10-02,16:57:03,-07:00,2025-10-02T16:57:03-07:00,0,4
resume\index.html,4,html,4953fd8e,alanx1234,2025-10-02,16:57:03,-07:00,2025-10-02T16:57:03-07:00,1,22
resume\index.html,5,html,4953fd8e,alanx1234,2025-10-02,16:57:03,-07:00,2025-10-02T16:57:03-07:00,1,68
resume\index.html,6,html,4953fd8e,alanx1234,2025-10-02,16:57:03,-07:00,2025-10-02T16:57:03-07:00,1,30
resume\index.html,7,html,24234131,alanx1234,2025-10-08,23:00:41,-07:00,2025-10-08T23:00:41-07:00,1,41
resume\index.html,8,html,4953fd8e,alanx1234,2025-10-02,16:57:03,-07:00,2025-10-02T16:57:03-07:00,0,5
resume\index.html,9,html,4953fd8e,alanx1234,2025-10-02,16:57:03,-07:00,2025-10-02T16:57:03-07:00,0,4
resume\index.html,10,html,25005bed,alanx1234,2025-10-08,22:44:03,-07:00,2025-10-08T22:44:03-07:00,1,28
resume\index.html,11,html,4953fd8e,alanx1234,2025-10-02,16:57:03,-07:00,2025-10-02T16:57:03-07:00,2,15
resume\index.html,12,html,4953fd8e,alanx1234,2025-10-02,16:57:03,-07:00,2025-10-02T16:57:03-07:00,2,20
resume\index.html,13,html,25005bed,alanx1234,2025-10-08,22:44:03,-07:00,2025-10-08T22:44:03-07:00,3,50
resume\index.html,14,html,4953fd8e,alanx1234,2025-10-02,16:57:03,-07:00,2025-10-02T16:57:03-07:00,3,43
resume\index.html,15,html,4953fd8e,alanx1234,2025-10-02,16:57:03,-07:00,2025-10-02T16:57:03-07:00,2,8
resume\index.html,16,html,4953fd8e,alanx1234,2025-10-02,16:57:03,-07:00,2025-10-02T16:57:03-07:00,1,7
resume\index.html,17,html,25005bed,alanx1234,2025-10-08,22:44:03,-07:00,2025-10-08T22:44:03-07:00,0,0
resume\index.html,18,html,25005bed,alanx1234,2025-10-08,22:44:03,-07:00,2025-10-08T22:44:03-07:00,0,0
resume\index.html,19,html,25005bed,alanx1234,2025-10-08,22:44:03,-07:00,2025-10-08T22:44:03-07:00,1,7
resume\index.html,20,html,4953fd8e,alanx1234,2025-10-02,16:57:03,-07:00,2025-10-02T16:57:03-07:00,2,25
resume\index.html,21,html,25005bed,alanx1234,2025-10-08,22:44:03,-07:00,2025-10-08T22:44:03-07:00,2,24
resume\index.html,22,html,4953fd8e,alanx1234,2025-10-02,16:57:03,-07:00,2025-10-02T16:57:03-07:00,3,50
resume\index.html,23,html,4953fd8e,alanx1234,2025-10-02,16:57:03,-07:00,2025-10-02T16:57:03-07:00,3,17
resume\index.html,24,html,4953fd8e,alanx1234,2025-10-02,16:57:03,-07:00,2025-10-02T16:57:03-07:00,4,41
resume\index.html,25,html,4953fd8e,alanx1234,2025-10-02,16:57:03,-07:00,2025-10-02T16:57:03-07:00,3,4
resume\index.html,26,html,25005bed,alanx1234,2025-10-08,22:44:03,-07:00,2025-10-08T22:44:03-07:00,0,0
resume\index.html,27,html,25005bed,alanx1234,2025-10-08,22:44:03,-07:00,2025-10-08T22:44:03-07:00,3,63
resume\index.html,28,html,25005bed,alanx1234,2025-10-08,22:44:03,-07:00,2025-10-08T22:44:03-07:00,3,57
resume\index.html,29,html,25005bed,alanx1234,2025-10-08,22:44:03,-07:00,2025-10-08T22:44:03-07:00,0,0
resume\index.html,30,html,25005bed,alanx1234,2025-10-08,22:44:03,-07:00,2025-10-08T22:44:03-07:00,3,22
resume\index.html,31,html,25005bed,alanx1234,2025-10-08,22:44:03,-07:00,2025-10-08T22:44:03-07:00,4,112
resume\index.html,32,html,25005bed,alanx1234,2025-10-08,22:44:03,-07:00,2025-10-08T22:44:03-07:00,4,106
resume\index.html,33,html,25005bed,alanx1234,2025-10-08,22:44:03,-07:00,2025-10-08T22:44:03-07:00,3,4
resume\index.html,34,html,4953fd8e,alanx1234,2025-10-02,16:57:03,-07:00,2025-10-02T16:57:03-07:00,2,8
resume\index.html,35,html,4953fd8e,alanx1234,2025-10-02,16:57:03,-07:00,2025-10-02T16:57:03-07:00,1,8
resume\index.html,36,html,25005bed,alanx1234,2025-10-08,22:44:03,-07:00,2025-10-08T22:44:03-07:00,0,0
resume\index.html,37,html,25005bed,alanx1234,2025-10-08,22:44:03,-07:00,2025-10-08T22:44:03-07:00,0,0
resume\index.html,38,html,4953fd8e,alanx1234,2025-10-02,16:57:03,-07:00,2025-10-02T16:57:03-07:00,1,7
resume\index.html,39,html,25005bed,alanx1234,2025-10-08,22:44:03,-07:00,2025-10-08T22:44:03-07:00,1,39
resume\index.html,40,html,4953fd8e,alanx1234,2025-10-02,16:57:03,-07:00,2025-10-02T16:57:03-07:00,0,0
resume\index.html,41,html,25005bed,alanx1234,2025-10-08,22:44:03,-07:00,2025-10-08T22:44:03-07:00,1,7
resume\index.html,42,html,25005bed,alanx1234,2025-10-08,22:44:03,-07:00,2025-10-08T22:44:03-07:00,2,16
resume\index.html,43,html,25005bed,alanx1234,2025-10-08,22:44:03,-07:00,2025-10-08T22:44:03-07:00,3,69
resume\index.html,44,html,25005bed,alanx1234,2025-10-08,22:44:03,-07:00,2025-10-08T22:44:03-07:00,3,17
resume\index.html,45,html,25005bed,alanx1234,2025-10-08,22:44:03,-07:00,2025-10-08T22:44:03-07:00,4,81
resume\index.html,46,html,4953fd8e,alanx1234,2025-10-02,16:57:03,-07:00,2025-10-02T16:57:03-07:00,3,4
resume\index.html,47,html,25005bed,alanx1234,2025-10-08,22:44:03,-07:00,2025-10-08T22:44:03-07:00,2,4
resume\index.html,48,html,25005bed,alanx1234,2025-10-08,22:44:03,-07:00,2025-10-08T22:44:03-07:00,2,57
resume\index.html,49,html,25005bed,alanx1234,2025-10-08,22:44:03,-07:00,2025-10-08T22:44:03-07:00,2,2
resume\index.html,50,html,25005bed,alanx1234,2025-10-08,22:44:03,-07:00,2025-10-08T22:44:03-07:00,3,157
resume\index.html,51,html,25005bed,alanx1234,2025-10-08,22:44:03,-07:00,2025-10-08T22:44:03-07:00,2,3
resume\index.html,52,html,25005bed,alanx1234,2025-10-08,22:44:03,-07:00,2025-10-08T22:44:03-07:00,1,8
resume\index.html,53,html,4953fd8e,alanx1234,2025-10-02,16:57:03,-07:00,2025-10-02T16:57:03-07:00,0,0
resume\index.html,54,html,25005bed,alanx1234,2025-10-08,22:44:03,-07:00,2025-10-08T22:44:03-07:00,1,7
resume\index.html,55,html,25005bed,alanx1234,2025-10-08,22:44:03,-07:00,2025-10-08T22:44:03-07:00,2,16
resume\index.html,56,html,25005bed,alanx1234,2025-10-08,22:44:03,-07:00,2025-10-08T22:44:03-07:00,3,66
resume\index.html,57,html,25005bed,alanx1234,2025-10-08,22:44:03,-07:00,2025-10-08T22:44:03-07:00,3,17
resume\index.html,58,html,25005bed,alanx1234,2025-10-08,22:44:03,-07:00,2025-10-08T22:44:03-07:00,4,83
resume\index.html,59,html,4953fd8e,alanx1234,2025-10-02,16:57:03,-07:00,2025-10-02T16:57:03-07:00,3,4
resume\index.html,60,html,25005bed,alanx1234,2025-10-08,22:44:03,-07:00,2025-10-08T22:44:03-07:00,2,4
resume\index.html,61,html,25005bed,alanx1234,2025-10-08,22:44:03,-07:00,2025-10-08T22:44:03-07:00,2,69
resume\index.html,62,html,25005bed,alanx1234,2025-10-08,22:44:03,-07:00,2025-10-08T22:44:03-07:00,2,2
resume\index.html,63,html,25005bed,alanx1234,2025-10-08,22:44:03,-07:00,2025-10-08T22:44:03-07:00,3,178
resume\index.html,64,html,25005bed,alanx1234,2025-10-08,22:44:03,-07:00,2025-10-08T22:44:03-07:00,3,173
resume\index.html,65,html,25005bed,alanx1234,2025-10-08,22:44:03,-07:00,2025-10-08T22:44:03-07:00,3,152
resume\index.html,66,html,25005bed,alanx1234,2025-10-08,22:44:03,-07:00,2025-10-08T22:44:03-07:00,2,3
resume\index.html,67,html,25005bed,alanx1234,2025-10-08,22:44:03,-07:00,2025-10-08T22:44:03-07:00,1,8
resume\index.html,68,html,25005bed,alanx1234,2025-10-08,22:44:03,-07:00,2025-10-08T22:44:03-07:00,0,0
resume\index.html,69,html,25005bed,alanx1234,2025-10-08,22:44:03,-07:00,2025-10-08T22:44:03-07:00,1,7
resume\index.html,70,html,25005bed,alanx1234,2025-10-08,22:44:03,-07:00,2025-10-08T22:44:03-07:00,2,16
resume\index.html,71,html,25005bed,alanx1234,2025-10-08,22:44:03,-07:00,2025-10-08T22:44:03-07:00,3,46
resume\index.html,72,html,25005bed,alanx1234,2025-10-08,22:44:03,-07:00,2025-10-08T22:44:03-07:00,3,17
resume\index.html,73,html,25005bed,alanx1234,2025-10-08,22:44:03,-07:00,2025-10-08T22:44:03-07:00,4,41
resume\index.html,74,html,25005bed,alanx1234,2025-10-08,22:44:03,-07:00,2025-10-08T22:44:03-07:00,3,4
resume\index.html,75,html,25005bed,alanx1234,2025-10-08,22:44:03,-07:00,2025-10-08T22:44:03-07:00,2,4
resume\index.html,76,html,25005bed,alanx1234,2025-10-08,22:44:03,-07:00,2025-10-08T22:44:03-07:00,2,62
resume\index.html,77,html,25005bed,alanx1234,2025-10-08,22:44:03,-07:00,2025-10-08T22:44:03-07:00,2,2
resume\index.html,78,html,25005bed,alanx1234,2025-10-08,22:44:03,-07:00,2025-10-08T22:44:03-07:00,3,126
resume\index.html,79,html,25005bed,alanx1234,2025-10-08,22:44:03,-07:00,2025-10-08T22:44:03-07:00,3,137
resume\index.html,80,html,25005bed,alanx1234,2025-10-08,22:44:03,-07:00,2025-10-08T22:44:03-07:00,3,182
resume\index.html,81,html,25005bed,alanx1234,2025-10-08,22:44:03,-07:00,2025-10-08T22:44:03-07:00,3,161
resume\index.html,82,html,25005bed,alanx1234,2025-10-08,22:44:03,-07:00,2025-10-08T22:44:03-07:00,2,3
resume\index.html,83,html,25005bed,alanx1234,2025-10-08,22:44:03,-07:00,2025-10-08T22:44:03-07:00,1,8
resume\index.html,84,html,25005bed,alanx1234,2025-10-08,22:44:03,-07:00,2025-10-08T22:44:03-07:00,0,8
resume\index.html,85,html,4953fd8e,alanx1234,2025-10-02,16:57:03,-07:00,2025-10-02T16:57:03-07:00,0,0
resume\index.html,86,html,25005bed,alanx1234,2025-10-08,22:44:03,-07:00,2025-10-08T22:44:03-07:00,0,0
resume\index.html,87,html,25005bed,alanx1234,2025-10-08,22:44:03,-07:00,2025-10-08T22:44:03-07:00,1,7
resume\index.html,88,html,4953fd8e,alanx1234,2025-10-02,16:57:03,-07:00,2025-10-02T16:57:03-07:00,2,47
resume\index.html,89,html,4953fd8e,alanx1234,2025-10-02,16:57:03,-07:00,2025-10-02T16:57:03-07:00,2,2
resume\index.html,90,html,25005bed,alanx1234,2025-10-08,22:44:03,-07:00,2025-10-08T22:44:03-07:00,3,13
resume\index.html,91,html,25005bed,alanx1234,2025-10-08,22:44:03,-07:00,2025-10-08T22:44:03-07:00,3,11
resume\index.html,92,html,25005bed,alanx1234,2025-10-08,22:44:03,-07:00,2025-10-08T22:44:03-07:00,3,10
resume\index.html,93,html,25005bed,alanx1234,2025-10-08,22:44:03,-07:00,2025-10-08T22:44:03-07:00,3,19
resume\index.html,94,html,25005bed,alanx1234,2025-10-08,22:44:03,-07:00,2025-10-08T22:44:03-07:00,3,10
resume\index.html,95,html,25005bed,alanx1234,2025-10-08,22:44:03,-07:00,2025-10-08T22:44:03-07:00,3,13
resume\index.html,96,html,4953fd8e,alanx1234,2025-10-02,16:57:03,-07:00,2025-10-02T16:57:03-07:00,2,3
resume\index.html,97,html,4953fd8e,alanx1234,2025-10-02,16:57:03,-07:00,2025-10-02T16:57:03-07:00,1,8
resume\index.html,98,html,4953fd8e,alanx1234,2025-10-02,16:57:03,-07:00,2025-10-02T16:57:03-07:00,0,0
resume\index.html,99,html,4953fd8e,alanx1234,2025-10-02,16:57:03,-07:00,2025-10-02T16:57:03-07:00,1,7
resume\index.html,100,html,4953fd8e,alanx1234,2025-10-02,16:57:03,-07:00,2025-10-02T16:57:03-07:00,2,29
resume\index.html,101,html,4953fd8e,alanx1234,2025-10-02,16:57:03,-07:00,2025-10-02T16:57:03-07:00,2,7
resume\index.html,102,html,4953fd8e,alanx1234,2025-10-02,16:57:03,-07:00,2025-10-02T16:57:03-07:00,3,16
resume\index.html,103,html,4953fd8e,alanx1234,2025-10-02,16:57:03,-07:00,2025-10-02T16:57:03-07:00,4,62
resume\index.html,104,html,4953fd8e,alanx1234,2025-10-02,16:57:03,-07:00,2025-10-02T16:57:03-07:00,4,66
resume\index.html,105,html,4953fd8e,alanx1234,2025-10-02,16:57:03,-07:00,2025-10-02T16:57:03-07:00,3,4
resume\index.html,106,html,4953fd8e,alanx1234,2025-10-02,16:57:03,-07:00,2025-10-02T16:57:03-07:00,3,71
resume\index.html,107,html,4953fd8e,alanx1234,2025-10-02,16:57:03,-07:00,2025-10-02T16:57:03-07:00,3,2
resume\index.html,108,html,25005bed,alanx1234,2025-10-08,22:44:03,-07:00,2025-10-08T22:44:03-07:00,4,157
resume\index.html,109,html,25005bed,alanx1234,2025-10-08,22:44:03,-07:00,2025-10-08T22:44:03-07:00,4,194
resume\index.html,110,html,25005bed,alanx1234,2025-10-08,22:44:03,-07:00,2025-10-08T22:44:03-07:00,4,148
resume\index.html,111,html,4953fd8e,alanx1234,2025-10-02,16:57:03,-07:00,2025-10-02T16:57:03-07:00,3,3
resume\index.html,112,html,4953fd8e,alanx1234,2025-10-02,16:57:03,-07:00,2025-10-02T16:57:03-07:00,2,8
resume\index.html,113,html,4953fd8e,alanx1234,2025-10-02,16:57:03,-07:00,2025-10-02T16:57:03-07:00,1,8
resume\index.html,114,html,31006f22,alanx1234,2025-10-14,20:17:16,-07:00,2025-10-14T20:17:16-07:00,1,48
resume\index.html,115,html,4953fd8e,alanx1234,2025-10-02,16:57:03,-07:00,2025-10-02T16:57:03-07:00,0,5
resume\index.html,116,html,4953fd8e,alanx1234,2025-10-02,16:57:03,-07:00,2025-10-02T16:57:03-07:00,0,5
projects\projects.js,1,js,b1894b8b,alanx1234,2025-10-27,23:20:36,-07:00,2025-10-27T23:20:36-07:00,0,63
projects\projects.js,2,js,ca79d181,alanx1234,2025-10-21,01:35:07,-07:00,2025-10-21T01:35:07-07:00,0,55
projects\projects.js,3,js,ca79d181,alanx1234,2025-10-21,01:35:07,-07:00,2025-10-21T01:35:07-07:00,0,0
projects\projects.js,4,js,ca79d181,alanx1234,2025-10-21,01:35:07,-07:00,2025-10-21T01:35:07-07:00,0,55
projects\projects.js,5,js,ca79d181,alanx1234,2025-10-21,01:35:07,-07:00,2025-10-21T01:35:07-07:00,0,60
projects\projects.js,6,js,ca79d181,alanx1234,2025-10-21,01:35:07,-07:00,2025-10-21T01:35:07-07:00,0,48
projects\projects.js,7,js,ca79d181,alanx1234,2025-10-21,01:35:07,-07:00,2025-10-21T01:35:07-07:00,0,0
projects\projects.js,8,js,ca79d181,alanx1234,2025-10-21,01:35:07,-07:00,2025-10-21T01:35:07-07:00,0,56
projects\projects.js,9,js,ca79d181,alanx1234,2025-10-21,01:35:07,-07:00,2025-10-21T01:35:07-07:00,0,12
projects\projects.js,10,js,ca79d181,alanx1234,2025-10-21,01:35:07,-07:00,2025-10-21T01:35:07-07:00,1,50
projects\projects.js,11,js,b1894b8b,alanx1234,2025-10-27,23:20:36,-07:00,2025-10-27T23:20:36-07:00,0,0
projects\projects.js,12,js,b1894b8b,alanx1234,2025-10-27,23:20:36,-07:00,2025-10-27T23:20:36-07:00,0,0
projects\projects.js,13,js,b1894b8b,alanx1234,2025-10-27,23:20:36,-07:00,2025-10-27T23:20:36-07:00,0,21
projects\projects.js,14,js,b1894b8b,alanx1234,2025-10-27,23:20:36,-07:00,2025-10-27T23:20:36-07:00,0,47
projects\projects.js,15,js,b1894b8b,alanx1234,2025-10-27,23:20:36,-07:00,2025-10-27T23:20:36-07:00,0,26
projects\projects.js,16,js,b1894b8b,alanx1234,2025-10-27,23:20:36,-07:00,2025-10-27T23:20:36-07:00,1,7
projects\projects.js,17,js,b1894b8b,alanx1234,2025-10-27,23:20:36,-07:00,2025-10-27T23:20:36-07:00,1,14
projects\projects.js,18,js,b1894b8b,alanx1234,2025-10-27,23:20:36,-07:00,2025-10-27T23:20:36-07:00,1,12
projects\projects.js,19,js,b1894b8b,alanx1234,2025-10-27,23:20:36,-07:00,2025-10-27T23:20:36-07:00,0,0
projects\projects.js,20,js,b1894b8b,alanx1234,2025-10-27,23:20:36,-07:00,2025-10-27T23:20:36-07:00,0,44
projects\projects.js,21,js,b1894b8b,alanx1234,2025-10-27,23:20:36,-07:00,2025-10-27T23:20:36-07:00,1,35
projects\projects.js,22,js,b1894b8b,alanx1234,2025-10-27,23:20:36,-07:00,2025-10-27T23:20:36-07:00,0,1
projects\projects.js,23,js,b1894b8b,alanx1234,2025-10-27,23:20:36,-07:00,2025-10-27T23:20:36-07:00,0,59
projects\projects.js,24,js,b1894b8b,alanx1234,2025-10-27,23:20:36,-07:00,2025-10-27T23:20:36-07:00,0,0
projects\projects.js,25,js,b1894b8b,alanx1234,2025-10-27,23:20:36,-07:00,2025-10-27T23:20:36-07:00,0,38
projects\projects.js,26,js,b1894b8b,alanx1234,2025-10-27,23:20:36,-07:00,2025-10-27T23:20:36-07:00,1,29
projects\projects.js,27,js,b1894b8b,alanx1234,2025-10-27,23:20:36,-07:00,2025-10-27T23:20:36-07:00,2,20
projects\projects.js,28,js,b1894b8b,alanx1234,2025-10-27,23:20:36,-07:00,2025-10-27T23:20:36-07:00,3,25
projects\projects.js,29,js,b1894b8b,alanx1234,2025-10-27,23:20:36,-07:00,2025-10-27T23:20:36-07:00,5,69
projects\projects.js,30,js,b1894b8b,alanx1234,2025-10-27,23:20:36,-07:00,2025-10-27T23:20:36-07:00,4,0
projects\projects.js,31,js,b1894b8b,alanx1234,2025-10-27,23:20:36,-07:00,2025-10-27T23:20:36-07:00,3,14
projects\projects.js,32,js,b1894b8b,alanx1234,2025-10-27,23:20:36,-07:00,2025-10-27T23:20:36-07:00,0,0
projects\projects.js,33,js,b1894b8b,alanx1234,2025-10-27,23:20:36,-07:00,2025-10-27T23:20:36-07:00,2,25
projects\projects.js,34,js,b1894b8b,alanx1234,2025-10-27,23:20:36,-07:00,2025-10-27T23:20:36-07:00,3,48
projects\projects.js,35,js,b1894b8b,alanx1234,2025-10-27,23:20:36,-07:00,2025-10-27T23:20:36-07:00,2,6
projects\projects.js,36,js,b1894b8b,alanx1234,2025-10-27,23:20:36,-07:00,2025-10-27T23:20:36-07:00,3,41
projects\projects.js,37,js,b1894b8b,alanx1234,2025-10-27,23:20:36,-07:00,2025-10-27T23:20:36-07:00,3,67
projects\projects.js,38,js,b1894b8b,alanx1234,2025-10-27,23:20:36,-07:00,2025-10-27T23:20:36-07:00,3,46
projects\projects.js,39,js,b1894b8b,alanx1234,2025-10-27,23:20:36,-07:00,2025-10-27T23:20:36-07:00,2,0
projects\projects.js,40,js,b1894b8b,alanx1234,2025-10-27,23:20:36,-07:00,2025-10-27T23:20:36-07:00,1,0
projects\projects.js,41,js,b1894b8b,alanx1234,2025-10-27,23:20:36,-07:00,2025-10-27T23:20:36-07:00,1,25
projects\projects.js,42,js,b1894b8b,alanx1234,2025-10-27,23:20:36,-07:00,2025-10-27T23:20:36-07:00,1,29
projects\projects.js,43,js,b1894b8b,alanx1234,2025-10-27,23:20:36,-07:00,2025-10-27T23:20:36-07:00,2,12
projects\projects.js,44,js,b1894b8b,alanx1234,2025-10-27,23:20:36,-07:00,2025-10-27T23:20:36-07:00,2,12
projects\projects.js,45,js,b1894b8b,alanx1234,2025-10-27,23:20:36,-07:00,2025-10-27T23:20:36-07:00,2,17
projects\projects.js,46,js,b1894b8b,alanx1234,2025-10-27,23:20:36,-07:00,2025-10-27T23:20:36-07:00,1,0
projects\projects.js,47,js,b1894b8b,alanx1234,2025-10-27,23:20:36,-07:00,2025-10-27T23:20:36-07:00,0,0
projects\projects.js,48,js,b1894b8b,alanx1234,2025-10-27,23:20:36,-07:00,2025-10-27T23:20:36-07:00,1,18
projects\projects.js,49,js,b1894b8b,alanx1234,2025-10-27,23:20:36,-07:00,2025-10-27T23:20:36-07:00,1,42
projects\projects.js,50,js,b1894b8b,alanx1234,2025-10-27,23:20:36,-07:00,2025-10-27T23:20:36-07:00,1,82
projects\projects.js,51,js,b1894b8b,alanx1234,2025-10-27,23:20:36,-07:00,2025-10-27T23:20:36-07:00,0,0
projects\projects.js,52,js,b1894b8b,alanx1234,2025-10-27,23:20:36,-07:00,2025-10-27T23:20:36-07:00,1,50
projects\projects.js,53,js,b1894b8b,alanx1234,2025-10-27,23:20:36,-07:00,2025-10-27T23:20:36-07:00,1,62
projects\projects.js,54,js,b1894b8b,alanx1234,2025-10-27,23:20:36,-07:00,2025-10-27T23:20:36-07:00,1,42
projects\projects.js,55,js,b1894b8b,alanx1234,2025-10-27,23:20:36,-07:00,2025-10-27T23:20:36-07:00,1,49
projects\projects.js,56,js,b1894b8b,alanx1234,2025-10-27,23:20:36,-07:00,2025-10-27T23:20:36-07:00,0,0
projects\projects.js,57,js,b1894b8b,alanx1234,2025-10-27,23:20:36,-07:00,2025-10-27T23:20:36-07:00,1,53
projects\projects.js,58,js,b1894b8b,alanx1234,2025-10-27,23:20:36,-07:00,2025-10-27T23:20:36-07:00,1,43
projects\projects.js,59,js,b1894b8b,alanx1234,2025-10-27,23:20:36,-07:00,2025-10-27T23:20:36-07:00,1,32
projects\projects.js,60,js,b1894b8b,alanx1234,2025-10-27,23:20:36,-07:00,2025-10-27T23:20:36-07:00,0,0
projects\projects.js,61,js,b1894b8b,alanx1234,2025-10-27,23:20:36,-07:00,2025-10-27T23:20:36-07:00,1,35
projects\projects.js,62,js,b1894b8b,alanx1234,2025-10-27,23:20:36,-07:00,2025-10-27T23:20:36-07:00,1,33
projects\projects.js,63,js,b1894b8b,alanx1234,2025-10-27,23:20:36,-07:00,2025-10-27T23:20:36-07:00,0,0
projects\projects.js,64,js,b1894b8b,alanx1234,2025-10-27,23:20:36,-07:00,2025-10-27T23:20:36-07:00,1,30
projects\projects.js,65,js,b1894b8b,alanx1234,2025-10-27,23:20:36,-07:00,2025-10-27T23:20:36-07:00,1,19
projects\projects.js,66,js,b1894b8b,alanx1234,2025-10-27,23:20:36,-07:00,2025-10-27T23:20:36-07:00,2,14
projects\projects.js,67,js,b1894b8b,alanx1234,2025-10-27,23:20:36,-07:00,2025-10-27T23:20:36-07:00,2,24
projects\projects.js,68,js,b1894b8b,alanx1234,2025-10-27,23:20:36,-07:00,2025-10-27T23:20:36-07:00,2,55
projects\projects.js,69,js,b1894b8b,alanx1234,2025-10-27,23:20:36,-07:00,2025-10-27T23:20:36-07:00,2,18
projects\projects.js,70,js,b1894b8b,alanx1234,2025-10-27,23:20:36,-07:00,2025-10-27T23:20:36-07:00,3,47
projects\projects.js,71,js,b1894b8b,alanx1234,2025-10-27,23:20:36,-07:00,2025-10-27T23:20:36-07:00,3,22
projects\projects.js,72,js,b1894b8b,alanx1234,2025-10-27,23:20:36,-07:00,2025-10-27T23:20:36-07:00,4,66
projects\projects.js,73,js,b1894b8b,alanx1234,2025-10-27,23:20:36,-07:00,2025-10-27T23:20:36-07:00,3,23
projects\projects.js,74,js,b1894b8b,alanx1234,2025-10-27,23:20:36,-07:00,2025-10-27T23:20:36-07:00,4,81
projects\projects.js,75,js,b1894b8b,alanx1234,2025-10-27,23:20:36,-07:00,2025-10-27T23:20:36-07:00,3,19
projects\projects.js,76,js,b1894b8b,alanx1234,2025-10-27,23:20:36,-07:00,2025-10-27T23:20:36-07:00,2,1
projects\projects.js,77,js,b1894b8b,alanx1234,2025-10-27,23:20:36,-07:00,2025-10-27T23:20:36-07:00,0,1
projects\projects.js,78,js,b1894b8b,alanx1234,2025-10-27,23:20:36,-07:00,2025-10-27T23:20:36-07:00,0,0
projects\projects.js,79,js,b1894b8b,alanx1234,2025-10-27,23:20:36,-07:00,2025-10-27T23:20:36-07:00,1,27
projects\projects.js,80,js,b1894b8b,alanx1234,2025-10-27,23:20:36,-07:00,2025-10-27T23:20:36-07:00,2,20
projects\projects.js,81,js,b1894b8b,alanx1234,2025-10-27,23:20:36,-07:00,2025-10-27T23:20:36-07:00,3,72
projects\projects.js,82,js,b1894b8b,alanx1234,2025-10-27,23:20:36,-07:00,2025-10-27T23:20:36-07:00,3,38
projects\projects.js,83,js,b1894b8b,alanx1234,2025-10-27,23:20:36,-07:00,2025-10-27T23:20:36-07:00,3,68
projects\projects.js,84,js,b1894b8b,alanx1234,2025-10-27,23:20:36,-07:00,2025-10-27T23:20:36-07:00,3,18
projects\projects.js,85,js,b1894b8b,alanx1234,2025-10-27,23:20:36,-07:00,2025-10-27T23:20:36-07:00,4,47
projects\projects.js,86,js,b1894b8b,alanx1234,2025-10-27,23:20:36,-07:00,2025-10-27T23:20:36-07:00,4,22
projects\projects.js,87,js,b1894b8b,alanx1234,2025-10-27,23:20:36,-07:00,2025-10-27T23:20:36-07:00,5,66
projects\projects.js,88,js,b1894b8b,alanx1234,2025-10-27,23:20:36,-07:00,2025-10-27T23:20:36-07:00,4,23
projects\projects.js,89,js,b1894b8b,alanx1234,2025-10-27,23:20:36,-07:00,2025-10-27T23:20:36-07:00,5,81
projects\projects.js,90,js,b1894b8b,alanx1234,2025-10-27,23:20:36,-07:00,2025-10-27T23:20:36-07:00,5,19
projects\projects.js,91,js,b1894b8b,alanx1234,2025-10-27,23:20:36,-07:00,2025-10-27T23:20:36-07:00,3,0
projects\projects.js,92,js,b1894b8b,alanx1234,2025-10-27,23:20:36,-07:00,2025-10-27T23:20:36-07:00,3,1
projects\projects.js,93,js,b1894b8b,alanx1234,2025-10-27,23:20:36,-07:00,2025-10-27T23:20:36-07:00,2,19
projects\projects.js,94,js,b1894b8b,alanx1234,2025-10-27,23:20:36,-07:00,2025-10-27T23:20:36-07:00,0,0
projects\projects.js,95,js,b1894b8b,alanx1234,2025-10-27,23:20:36,-07:00,2025-10-27T23:20:36-07:00,0,0
projects\projects.js,96,js,b1894b8b,alanx1234,2025-10-27,23:20:36,-07:00,2025-10-27T23:20:36-07:00,0,0
projects\projects.js,97,js,b1894b8b,alanx1234,2025-10-27,23:20:36,-07:00,2025-10-27T23:20:36-07:00,0,13
projects\projects.js,98,js,b1894b8b,alanx1234,2025-10-27,23:20:36,-07:00,2025-10-27T23:20:36-07:00,0,23
projects\projects.js,99,js,255fa3db,alanx1234,2025-11-04,14:34:16,-08:00,2025-11-04T14:34:16-08:00,0,53
projects\projects.js,100,js,b1894b8b,alanx1234,2025-10-27,23:20:36,-07:00,2025-10-27T23:20:36-07:00,0,0
projects\projects.js,101,js,b1894b8b,alanx1234,2025-10-27,23:20:36,-07:00,2025-10-27T23:20:36-07:00,0,48
projects\projects.js,102,js,b1894b8b,alanx1234,2025-10-27,23:20:36,-07:00,2025-10-27T23:20:36-07:00,1,25
projects\projects.js,103,js,b1894b8b,alanx1234,2025-10-27,23:20:36,-07:00,2025-10-27T23:20:36-07:00,1,23
projects\projects.js,104,js,b1894b8b,alanx1234,2025-10-27,23:20:36,-07:00,2025-10-27T23:20:36-07:00,0,1
projects\index.html,1,html,4953fd8e,alanx1234,2025-10-02,16:57:03,-07:00,2025-10-02T16:57:03-07:00,0,13
projects\index.html,2,html,4953fd8e,alanx1234,2025-10-02,16:57:03,-07:00,2025-10-02T16:57:03-07:00,0,14
projects\index.html,3,html,4953fd8e,alanx1234,2025-10-02,16:57:03,-07:00,2025-10-02T16:57:03-07:00,0,4
projects\index.html,4,html,4953fd8e,alanx1234,2025-10-02,16:57:03,-07:00,2025-10-02T16:57:03-07:00,2,20
projects\index.html,5,html,4953fd8e,alanx1234,2025-10-02,16:57:03,-07:00,2025-10-02T16:57:03-07:00,2,68
projects\index.html,6,html,25005bed,alanx1234,2025-10-08,22:44:03,-07:00,2025-10-08T22:44:03-07:00,2,41
projects\index.html,7,html,0631f2ba,alanx1234,2025-10-14,20:20:06,-07:00,2025-10-14T20:20:06-07:00,2,21
projects\index.html,8,html,4953fd8e,alanx1234,2025-10-02,16:57:03,-07:00,2025-10-02T16:57:03-07:00,0,5
projects\index.html,9,html,4953fd8e,alanx1234,2025-10-02,16:57:03,-07:00,2025-10-02T16:57:03-07:00,0,4
projects\index.html,10,html,ca79d181,alanx1234,2025-10-21,01:35:07,-07:00,2025-10-21T01:35:07-07:00,2,43
projects\index.html,11,html,b1894b8b,alanx1234,2025-10-27,23:20:36,-07:00,2025-10-27T23:20:36-07:00,2,21
projects\index.html,12,html,b1894b8b,alanx1234,2025-10-27,23:20:36,-07:00,2025-10-27T23:20:36-07:00,4,52
projects\index.html,13,html,b1894b8b,alanx1234,2025-10-27,23:20:36,-07:00,2025-10-27T23:20:36-07:00,6,68
projects\index.html,14,html,b1894b8b,alanx1234,2025-10-27,23:20:36,-07:00,2025-10-27T23:20:36-07:00,4,4
projects\index.html,15,html,b1894b8b,alanx1234,2025-10-27,23:20:36,-07:00,2025-10-27T23:20:36-07:00,4,22
projects\index.html,16,html,b1894b8b,alanx1234,2025-10-27,23:20:36,-07:00,2025-10-27T23:20:36-07:00,2,4
projects\index.html,17,html,b1894b8b,alanx1234,2025-10-27,23:20:36,-07:00,2025-10-27T23:20:36-07:00,2,4
projects\index.html,18,html,b1894b8b,alanx1234,2025-10-27,23:20:36,-07:00,2025-10-27T23:20:36-07:00,4,15
projects\index.html,19,html,b1894b8b,alanx1234,2025-10-27,23:20:36,-07:00,2025-10-27T23:20:36-07:00,4,11
projects\index.html,20,html,b1894b8b,alanx1234,2025-10-27,23:20:36,-07:00,2025-10-27T23:20:36-07:00,4,26
projects\index.html,21,html,b1894b8b,alanx1234,2025-10-27,23:20:36,-07:00,2025-10-27T23:20:36-07:00,4,31
projects\index.html,22,html,b1894b8b,alanx1234,2025-10-27,23:20:36,-07:00,2025-10-27T23:20:36-07:00,2,0
projects\index.html,23,html,25005bed,alanx1234,2025-10-08,22:44:03,-07:00,2025-10-08T22:44:03-07:00,2,20
projects\index.html,24,html,25005bed,alanx1234,2025-10-08,22:44:03,-07:00,2025-10-08T22:44:03-07:00,2,4
projects\index.html,25,html,31006f22,alanx1234,2025-10-14,20:17:16,-07:00,2025-10-14T20:17:16-07:00,2,48
projects\index.html,26,html,ca79d181,alanx1234,2025-10-21,01:35:07,-07:00,2025-10-21T01:35:07-07:00,2,47
projects\index.html,27,html,4953fd8e,alanx1234,2025-10-02,16:57:03,-07:00,2025-10-02T16:57:03-07:00,0,5
projects\index.html,28,html,4953fd8e,alanx1234,2025-10-02,16:57:03,-07:00,2025-10-02T16:57:03-07:00,0,5
meta\index.html,1,html,1adae980,alanx1234,2025-11-04,14:47:33,-08:00,2025-11-04T14:47:33-08:00,0,13
meta\index.html,2,html,1adae980,alanx1234,2025-11-04,14:47:33,-08:00,2025-11-04T14:47:33-08:00,0,14
meta\index.html,3,html,1adae980,alanx1234,2025-11-04,14:47:33,-08:00,2025-11-04T14:47:33-08:00,0,4
meta\index.html,4,html,1adae980,alanx1234,2025-11-04,14:47:33,-08:00,2025-11-04T14:47:33-08:00,2,20
meta\index.html,5,html,1adae980,alanx1234,2025-11-04,14:47:33,-08:00,2025-11-04T14:47:33-08:00,2,68
meta\index.html,6,html,1adae980,alanx1234,2025-11-04,14:47:33,-08:00,2025-11-04T14:47:33-08:00,2,41
meta\index.html,7,html,1adae980,alanx1234,2025-11-04,14:47:33,-08:00,2025-11-04T14:47:33-08:00,2,17
meta\index.html,8,html,1adae980,alanx1234,2025-11-04,14:47:33,-08:00,2025-11-04T14:47:33-08:00,0,5
meta\index.html,9,html,1adae980,alanx1234,2025-11-04,14:47:33,-08:00,2025-11-04T14:47:33-08:00,0,4
meta\index.html,10,html,1adae980,alanx1234,2025-11-04,14:47:33,-08:00,2025-11-04T14:47:33-08:00,2,12
meta\index.html,11,html,1adae980,alanx1234,2025-11-04,14:47:33,-08:00,2025-11-04T14:47:33-08:00,2,62
meta\index.html,12,html,1adae980,alanx1234,2025-11-04,14:47:33,-08:00,2025-11-04T14:47:33-08:00,2,48
meta\index.html,13,html,1adae980,alanx1234,2025-11-04,14:47:33,-08:00,2025-11-04T14:47:33-08:00,0,5
meta\index.html,14,html,1adae980,alanx1234,2025-11-04,14:47:33,-08:00,2025-11-04T14:47:33-08:00,0,5
contact\index.html,1,html,4953fd8e,alanx1234,2025-10-02,16:57:03,-07:00,2025-10-02T16:57:03-07:00,0,13
contact\index.html,2,html,4953fd8e,alanx1234,2025-10-02,16:57:03,-07:00,2025-10-02T16:57:03-07:00,0,14
contact\index.html,3,html,4953fd8e,alanx1234,2025-10-02,16:57:03,-07:00,2025-10-02T16:57:03-07:00,0,4
contact\index.html,4,html,31006f22,alanx1234,2025-10-14,20:17:16,-07:00,2025-10-14T20:17:16-07:00,1,20
contact\index.html,5,html,31006f22,alanx1234,2025-10-14,20:17:16,-07:00,2025-10-14T20:17:16-07:00,1,68
contact\index.html,6,html,31006f22,alanx1234,2025-10-14,20:17:16,-07:00,2025-10-14T20:17:16-07:00,1,41
contact\index.html,7,html,31006f22,alanx1234,2025-10-14,20:17:16,-07:00,2025-10-14T20:17:16-07:00,1,20
contact\index.html,8,html,4953fd8e,alanx1234,2025-10-02,16:57:03,-07:00,2025-10-02T16:57:03-07:00,0,5
contact\index.html,9,html,4953fd8e,alanx1234,2025-10-02,16:57:03,-07:00,2025-10-02T16:57:03-07:00,0,4
contact\index.html,10,html,31006f22,alanx1234,2025-10-14,20:17:16,-07:00,2025-10-14T20:17:16-07:00,1,17
contact\index.html,11,html,31006f22,alanx1234,2025-10-14,20:17:16,-07:00,2025-10-14T20:17:16-07:00,1,35
contact\index.html,12,html,31006f22,alanx1234,2025-10-14,20:17:16,-07:00,2025-10-14T20:17:16-07:00,2,5
contact\index.html,13,html,31006f22,alanx1234,2025-10-14,20:17:16,-07:00,2025-10-14T20:17:16-07:00,3,6
contact\index.html,14,html,31006f22,alanx1234,2025-10-14,20:17:16,-07:00,2025-10-14T20:17:16-07:00,3,29
contact\index.html,15,html,31006f22,alanx1234,2025-10-14,20:17:16,-07:00,2025-10-14T20:17:16-07:00,2,6
contact\index.html,16,html,31006f22,alanx1234,2025-10-14,20:17:16,-07:00,2025-10-14T20:17:16-07:00,2,5
contact\index.html,17,html,31006f22,alanx1234,2025-10-14,20:17:16,-07:00,2025-10-14T20:17:16-07:00,3,6
contact\index.html,18,html,31006f22,alanx1234,2025-10-14,20:17:16,-07:00,2025-10-14T20:17:16-07:00,3,40
contact\index.html,19,html,31006f22,alanx1234,2025-10-14,20:17:16,-07:00,2025-10-14T20:17:16-07:00,2,6
contact\index.html,20,html,31006f22,alanx1234,2025-10-14,20:17:16,-07:00,2025-10-14T20:17:16-07:00,2,33
contact\index.html,21,html,31006f22,alanx1234,2025-10-14,20:17:16,-07:00,2025-10-14T20:17:16-07:00,1,5
contact\index.html,22,html,31006f22,alanx1234,2025-10-14,20:17:16,-07:00,2025-10-14T20:17:16-07:00,1,48
contact\index.html,23,html,4953fd8e,alanx1234,2025-10-02,16:57:03,-07:00,2025-10-02T16:57:03-07:00,0,5
contact\index.html,24,html,31006f22,alanx1234,2025-10-14,20:17:16,-07:00,2025-10-14T20:17:16-07:00,0,5
